mean_fit_time,std_fit_time,mean_score_time,std_score_time,param_C,param_class_weight,param_penalty,param_solver,params,split0_test_score,split1_test_score,split2_test_score,split3_test_score,split4_test_score,mean_test_score,std_test_score,rank_test_score,split0_train_score,split1_train_score,split2_train_score,split3_train_score,split4_train_score,mean_train_score,std_train_score
0.04454436302185059,0.007665626936567675,0.009276151657104492,0.0037816230914754414,0.01,,l2,lbfgs,"{'C': 0.01, 'class_weight': None, 'penalty': 'l2', 'solver': 'lbfgs'}",0.8363366644994754,0.8706214271869553,0.8386639529462455,0.8696060371517028,0.8550376613734755,0.8540531486315709,0.014615543881713497,27,0.8700452323462646,0.8636706432699912,0.873526793990906,0.8650529561701629,0.8671023024817157,0.8678795856518082,0.0035465528885625596
0.06775465011596679,0.015854921298834663,0.007399749755859375,0.001105785774948092,0.01,balanced,l2,lbfgs,"{'C': 0.01, 'class_weight': 'balanced', 'penalty': 'l2', 'solver': 'lbfgs'}",0.8363366644994754,0.8728078932080392,0.8409108407514158,0.8676467021242295,0.8550376613734755,0.8545479523913271,0.01430289703970174,25,0.8690564076478042,0.8648043525886334,0.8746743587966208,0.8651025862462386,0.8671023024817157,0.8681480015522027,0.0036046239703938746
0.07060079574584961,0.011132882950449348,0.007950162887573243,0.001337023090574557,0.1,,l2,lbfgs,"{'C': 0.1, 'class_weight': None, 'penalty': 'l2', 'solver': 'lbfgs'}",0.8471677169379842,0.8878185218424497,0.8444986559281072,0.8792257069466956,0.8656801785588353,0.8648781560428145,0.01709818422106856,22,0.8836121992666374,0.8759367807123516,0.8872180152585628,0.8769686710212152,0.8778040852380772,0.8803079502993688,0.004363354417855675
0.030825471878051756,0.010148486308397016,0.005838584899902344,0.0005778562743723771,0.1,balanced,l2,lbfgs,"{'C': 0.1, 'class_weight': 'balanced', 'penalty': 'l2', 'solver': 'lbfgs'}",0.8452119899451861,0.8878185218424497,0.8425541780201068,0.8814249932383695,0.8656801785588353,0.8645379723209896,0.018358871987289156,23,0.8821206591878936,0.8750414730898598,0.8877635071944091,0.8769686710212152,0.8783522137657802,0.8800493048518316,0.004499960632642423
0.03569645881652832,0.0027193999403331663,0.005645036697387695,0.0006205354210562677,1.0,,l2,lbfgs,"{'C': 1, 'class_weight': None, 'penalty': 'l2', 'solver': 'lbfgs'}",0.8609302776346717,0.8897936996963355,0.8550562148519649,0.8768250202445586,0.8762493987493988,0.8717709222353859,0.012388076398312875,18,0.8937963851713716,0.8839383952282702,0.893352525062084,0.8812811525718828,0.8836744137174054,0.8872085743502028,0.0052814027222239926
0.041806936264038086,0.0028530268031818273,0.007845544815063476,0.00305571068970396,1.0,balanced,l2,lbfgs,"{'C': 1, 'class_weight': 'balanced', 'penalty': 'l2', 'solver': 'lbfgs'}",0.8609302776346717,0.8897936996963355,0.8572958553088552,0.8768250202445586,0.8762493987493988,0.872218850326764,0.011802246447105817,17,0.8943402618227511,0.8844787925742518,0.892402611419458,0.8839942714558736,0.8831802610222302,0.8876792396589129,0.00470621117307567
0.053676939010620116,0.007363592031799876,0.005545616149902344,0.00033643570012985475,10.0,,l2,lbfgs,"{'C': 10, 'class_weight': None, 'penalty': 'l2', 'solver': 'lbfgs'}",0.8607041775995755,0.8919997744662876,0.8569953055173652,0.8854261048746199,0.8882191393429564,0.8766689003601609,0.014744863913827663,5,0.9000844521977913,0.8844945264288953,0.8969966857409212,0.8819624530633544,0.8842633919101606,0.8895603018682244,0.007449888423709964
0.07630538940429688,0.018758859524509192,0.006148767471313476,0.0010784142191094918,10.0,balanced,l2,lbfgs,"{'C': 10, 'class_weight': 'balanced', 'penalty': 'l2', 'solver': 'lbfgs'}",0.8607041775995755,0.8919997744662876,0.8636555850686262,0.8854261048746199,0.8882191393429564,0.8780009562704132,0.013118530674467416,1,0.9006261353930992,0.8861236435232733,0.8970366070347071,0.8809682430158768,0.8853108020169215,0.8900130861967757,0.007496867174894606
0.06836495399475098,0.02125777329896268,0.009366893768310547,0.006241294757465738,100.0,,l2,lbfgs,"{'C': 100, 'class_weight': None, 'penalty': 'l2', 'solver': 'lbfgs'}",0.8611415048649882,0.8899478641506725,0.8592147423114633,0.8834349120082815,0.8840579087994089,0.8755593864269627,0.012777321917366894,11,0.9005772259343575,0.8859875824752429,0.8969966857409212,0.8830089414600193,0.8879350086877141,0.890901088859651,0.006723244710419968
0.07710118293762207,0.019083377790633422,0.008730649948120117,0.005627203328900926,100.0,balanced,l2,lbfgs,"{'C': 100, 'class_weight': 'balanced', 'penalty': 'l2', 'solver': 'lbfgs'}",0.8611415048649882,0.88797649657173,0.8592147423114633,0.8834349120082815,0.8840579087994089,0.8751651129111743,0.012350537251597194,12,0.9006164120687035,0.8870729067685387,0.8965400130730538,0.8825150984644432,0.8874397158843169,0.8908368292518112,0.006680198212036204
0.09360647201538086,0.017121792174914118,0.007443904876708984,0.0020756461167932188,0.01,,l1,saga,"{'C': 0.01, 'class_weight': None, 'penalty': 'l1', 'solver': 'saga'}",0.8238815115673856,0.849355738612934,0.8235935959829026,0.8440488966773053,0.8155284208545078,0.831281632739007,0.013051495843832707,30,0.8414307555531195,0.8307812831104289,0.8413517958687179,0.8338696440215955,0.8383662407676106,0.8371599438642946,0.004213786752912722
0.035156869888305665,0.002319287579786783,0.005129623413085938,0.0006452256844494627,0.01,,l2,saga,"{'C': 0.01, 'class_weight': None, 'penalty': 'l2', 'solver': 'saga'}",0.8363366644994754,0.8706214271869553,0.8386639529462455,0.8696060371517028,0.8550376613734755,0.8540531486315709,0.014615543881713497,27,0.8700452323462646,0.8636706432699912,0.873526793990906,0.8650529561701629,0.8671023024817157,0.8678795856518082,0.0035465528885625596
0.08834071159362793,0.02851023132039301,0.005023813247680664,0.00037127664927757975,0.01,balanced,l1,saga,"{'C': 0.01, 'class_weight': 'balanced', 'penalty': 'l1', 'solver': 'saga'}",0.8284889712453143,0.8454216965430164,0.8216564675775843,0.8462546190738265,0.8155284208545078,0.8314700350588499,0.012430291181420344,29,0.8400862718082323,0.8311234639858573,0.8416040269308944,0.8340029910166542,0.8401042890788136,0.8373842085640903,0.0040776563270511395
0.046003293991088864,0.0162912968239177,0.014929533004760742,0.01430096705070136,0.01,balanced,l2,saga,"{'C': 0.01, 'class_weight': 'balanced', 'penalty': 'l2', 'solver': 'saga'}",0.8363366644994754,0.8728078932080392,0.8409108407514158,0.8676467021242295,0.8550376613734755,0.8545479523913271,0.01430289703970174,25,0.8690564076478042,0.8648043525886334,0.8746743587966208,0.8651025862462386,0.8671023024817157,0.8681480015522027,0.0036046239703938746
0.4530818939208984,0.047180858746933806,0.004673957824707031,0.00037593265158397167,0.1,,l1,saga,"{'C': 0.1, 'class_weight': None, 'penalty': 'l1', 'solver': 'saga'}",0.8656183072744115,0.8941086523833539,0.8572735433517393,0.8884187606804411,0.8798982832604053,0.8770635093900703,0.013785136790699336,2,0.8924718459822183,0.878430674646278,0.8920765644512173,0.8824939892951338,0.8846373362633487,0.8860220821276391,0.005481799662115848
0.08684277534484863,0.006906000390570819,0.004801464080810547,0.0004005246044559341,0.1,,l2,saga,"{'C': 0.1, 'class_weight': None, 'penalty': 'l2', 'solver': 'saga'}",0.8491207224387817,0.8878185218424497,0.8444986559281072,0.8792257069466956,0.8656801785588353,0.8652687571429739,0.0167069670059551,21,0.8836121992666374,0.875392585190337,0.8877161309872207,0.8769686710212152,0.8778040852380772,0.8802987343406976,0.0046342144570538715
0.4702098846435547,0.026916917661348898,0.0046555519104003905,0.00033880299855508,0.1,balanced,l1,saga,"{'C': 0.1, 'class_weight': 'balanced', 'penalty': 'l1', 'solver': 'saga'}",0.8656183072744115,0.8962720615525863,0.8572735433517393,0.8844473966464614,0.8779162019415184,0.8763055021533435,0.013740304830639035,9,0.8925625381129175,0.877437894384452,0.8921603591637167,0.8820009454441637,0.8852258600599489,0.8858775194330397,0.0058453965925710375
0.09041948318481445,0.008377431338251418,0.007474327087402343,0.0023608290944331176,0.1,balanced,l2,saga,"{'C': 0.1, 'class_weight': 'balanced', 'penalty': 'l2', 'solver': 'saga'}",0.8432396964499816,0.8878185218424497,0.8444986559281072,0.8814249932383695,0.8656801785588353,0.8645324092035487,0.018350208164515092,24,0.8831578813575158,0.8755370801436574,0.8877635071944091,0.8769686710212152,0.8783522137657802,0.8803558706965156,0.004504061441810877
1.6300376892089843,0.19565941291224292,0.008514833450317384,0.0060813770739265366,1.0,,l1,saga,"{'C': 1, 'class_weight': None, 'penalty': 'l1', 'solver': 'saga'}",0.8591774380287999,0.8899891229606364,0.8676720986725609,0.8895734636535451,0.8764267751059006,0.8765677796842886,0.012090138764281456,6,0.894336834157873,0.8885236297221591,0.8975130452336335,0.884848454029463,0.8847508048415518,0.889994553596936,0.00512885905000927
0.2770254135131836,0.03640532755935271,0.005174684524536133,0.0009338691508874944,1.0,,l2,saga,"{'C': 1, 'class_weight': None, 'penalty': 'l2', 'solver': 'saga'}",0.8609302776346717,0.8897936996963355,0.8550562148519649,0.8768250202445586,0.8762493987493988,0.8717709222353859,0.012388076398312875,18,0.8942940699907955,0.8844316784468662,0.893352525062084,0.882361832556018,0.8836744137174054,0.8876229039546338,0.005114418480594332
1.6501123905181885,0.12606709305710542,0.005188512802124024,0.0004407258951136193,1.0,balanced,l1,saga,"{'C': 1, 'class_weight': 'balanced', 'penalty': 'l1', 'solver': 'saga'}",0.8591774380287999,0.8921584327141997,0.8676720986725609,0.8895734636535451,0.8764267751059006,0.8770016416350013,0.012592474755138765,3,0.894336834157873,0.8885665695850249,0.8965127266086234,0.8838527646131773,0.8842569366729223,0.8895051663275242,0.005154133071795708
0.28279762268066405,0.032698563903385144,0.004885292053222657,0.00035615683967325643,1.0,balanced,l2,saga,"{'C': 1, 'class_weight': 'balanced', 'penalty': 'l2', 'solver': 'saga'}",0.8609302776346717,0.8897936996963355,0.8550562148519649,0.8768250202445586,0.8762493987493988,0.8717709222353859,0.012388076398312875,18,0.8943402618227511,0.8839383952282702,0.8934410209704463,0.8834481892286694,0.8831802610222302,0.8876696256544735,0.005093199221992656
2.5582061767578126,0.4090114977965109,0.005186939239501953,0.0008074080379003281,10.0,,l1,saga,"{'C': 10, 'class_weight': None, 'penalty': 'l1', 'solver': 'saga'}",0.8567895351316684,0.8939818080291543,0.8594378012877952,0.8874199486854832,0.8840579087994089,0.8763374003867022,0.015241192431901411,8,0.9000447016235191,0.8876100890936672,0.8969631344353992,0.8830012635047981,0.8868981767078664,0.8909034730730501,0.006474801129107197
0.9510958671569825,0.21781097976252742,0.00501093864440918,0.0003924488469087851,10.0,,l2,saga,"{'C': 10, 'class_weight': None, 'penalty': 'l2', 'solver': 'saga'}",0.8607041775995755,0.8919997744662876,0.8527684500140537,0.8854261048746199,0.8882191393429564,0.8758235292594986,0.015922706996020327,10,0.9005877460493662,0.8855253768585715,0.8975402677307175,0.8819624530633544,0.8842182859522965,0.8899668259308612,0.007576320104225455
2.6702898502349854,0.2562759889330513,0.005005788803100586,0.0004372527684588906,10.0,balanced,l1,saga,"{'C': 10, 'class_weight': 'balanced', 'penalty': 'l1', 'solver': 'saga'}",0.8567895351316684,0.8939818080291543,0.8616444661313217,0.8874199486854832,0.8820766331063934,0.8763824782168042,0.014595053840713745,7,0.9000447016235191,0.8871153912110015,0.8970100323813355,0.882545802973549,0.8864028639557068,0.8906237584290224,0.006706960872107265
1.071518564224243,0.29371578254031006,0.005141735076904297,0.0007400398247364761,10.0,balanced,l2,saga,"{'C': 10, 'class_weight': 'balanced', 'penalty': 'l2', 'solver': 'saga'}",0.8607041775995755,0.8919997744662876,0.8572073204017082,0.8854261048746199,0.8882191393429564,0.8767113033370295,0.014688422853152213,4,0.900089051088663,0.8861191167194449,0.8975402677307175,0.8809682430158768,0.8837743128389827,0.889698198278737,0.007662665826070855
2.207843542098999,0.4795959092416631,0.004407930374145508,0.0008380753400357027,100.0,,l1,saga,"{'C': 100, 'class_weight': None, 'penalty': 'l1', 'solver': 'saga'}",0.8567895351316684,0.8899478641506725,0.8572073204017082,0.8834349120082815,0.8840579087994089,0.8742875080983479,0.01429891149375664,15,0.9010753810264321,0.8860308258245256,0.8980438250842112,0.8830089414600193,0.8874397158843169,0.8911197378559009,0.007103272772941473
1.4027442932128906,0.1919583972569865,0.004871177673339844,0.0005669277862523398,100.0,,l2,saga,"{'C': 100, 'class_weight': None, 'penalty': 'l2', 'solver': 'saga'}",0.8587479057911094,0.8899478641506725,0.8572073204017082,0.8834349120082815,0.8840579087994089,0.8746791822302361,0.013833491882586731,14,0.900078988070489,0.8860308258245256,0.8985873809403879,0.8830089414600193,0.8874397158843169,0.8910291704359479,0.006945753391921748
1.8602846145629883,0.36135586228607774,0.0031212329864501952,0.0008192260493324272,100.0,balanced,l1,saga,"{'C': 100, 'class_weight': 'balanced', 'penalty': 'l1', 'solver': 'saga'}",0.8567895351316684,0.8921176038248164,0.8572073204017082,0.8834349120082815,0.8840579087994089,0.8747214560331766,0.014792013773723774,13,0.9001180283430376,0.8860308258245256,0.8980900135478647,0.8825150984644432,0.8864428000318457,0.8906393532423434,0.007074047217234844
1.1365132331848145,0.18839396413509296,0.0035467624664306642,0.0007630497197099604,100.0,balanced,l2,saga,"{'C': 100, 'class_weight': 'balanced', 'penalty': 'l2', 'solver': 'saga'}",0.8567895351316684,0.8899478641506725,0.8572073204017082,0.8834349120082815,0.8840579087994089,0.8742875080983479,0.01429891149375664,15,0.9001180283430376,0.8865754184041127,0.8980900135478647,0.8830089414600193,0.8864428000318457,0.890847040357376,0.006891904818695496
