mean_fit_time,std_fit_time,mean_score_time,std_score_time,param_max_depth,param_max_features,param_min_samples_leaf,param_min_samples_split,param_n_estimators,params,split0_test_score,split1_test_score,split2_test_score,split3_test_score,split4_test_score,mean_test_score,std_test_score,rank_test_score,split0_train_score,split1_train_score,split2_train_score,split3_train_score,split4_train_score,mean_train_score,std_train_score
0.37231831550598143,0.025489350723527447,0.10555443763732911,0.03276761767196782,10,sqrt,1,2,100,"{'max_depth': 10, 'max_features': 'sqrt', 'min_samples_leaf': 1, 'min_samples_split': 2, 'n_estimators': 100}",0.8725311986310166,0.8760191494011075,0.8437999841521485,0.8777941870438596,0.8742511090036982,0.8688791256463662,0.012661891164458827,97,0.9916865323247319,0.9921997721254676,0.9890916595443862,0.9927157194187101,0.9859901245338195,0.9903367615894231,0.0025058197239440877
0.7948771476745605,0.19486242367151968,0.23691420555114745,0.09540259664108242,10,sqrt,1,2,200,"{'max_depth': 10, 'max_features': 'sqrt', 'min_samples_leaf': 1, 'min_samples_split': 2, 'n_estimators': 200}",0.8681088012387103,0.8862131354254169,0.8418254026887708,0.8755947096225972,0.8805386345772575,0.8704561367105506,0.015502087715840884,42,0.992206939891683,0.9927165541072891,0.9901260675833089,0.994794952520932,0.9885742734363697,0.9916837575079166,0.002150126141592566
1.0995389461517333,0.19507842829853794,0.21374101638793946,0.11095965128584731,10,sqrt,1,2,300,"{'max_depth': 10, 'max_features': 'sqrt', 'min_samples_leaf': 1, 'min_samples_split': 2, 'n_estimators': 300}",0.8704222879091089,0.8861458799856758,0.8418254026887708,0.8734921072042082,0.8764267751059006,0.8696624905787329,0.014883577454229453,73,0.9922045717670536,0.993237384211649,0.9890907845076434,0.995314141990459,0.990126847683485,0.9919947460320581,0.002214886127500654
0.4238703727722168,0.07357997764930053,0.1731633186340332,0.11457996232029595,10,sqrt,1,5,100,"{'max_depth': 10, 'max_features': 'sqrt', 'min_samples_leaf': 1, 'min_samples_split': 5, 'n_estimators': 100}",0.8683550824175824,0.8840200418230144,0.8502458155270656,0.8673116119263918,0.8762622763143066,0.8692389656016722,0.011252046916508987,89,0.983384337059873,0.9833742519471549,0.9839116360238868,0.9864636965054864,0.9807987949143826,0.9835865432901567,0.0018022869855001537
0.6988025665283203,0.10442091757868473,0.33961071968078616,0.0644097201069455,10,sqrt,1,5,200,"{'max_depth': 10, 'max_features': 'sqrt', 'min_samples_leaf': 1, 'min_samples_split': 5, 'n_estimators': 200}",0.8705501128792851,0.8820368888954723,0.8501931871482178,0.8736202695711098,0.8762632421530472,0.8705327401294264,0.010848176322452805,38,0.9844067376375057,0.9859644103861437,0.984953026007251,0.9874987613092746,0.9823600408801242,0.98503659524406,0.0017023953921197687
1.1772552967071532,0.14542747161836897,0.25951876640319826,0.04908351708844687,10,sqrt,1,5,300,"{'max_depth': 10, 'max_features': 'sqrt', 'min_samples_leaf': 1, 'min_samples_split': 5, 'n_estimators': 300}",0.8705395845126468,0.8821111736568803,0.8460776510709819,0.8734921072042082,0.8762607226013256,0.8696962478092086,0.012411128798980963,71,0.9854561840379856,0.9833658510634957,0.984951746941811,0.9874987613092746,0.984940413735747,0.9852425914176628,0.0013292088327131058
0.5520339012145996,0.10133597655928671,0.21880760192871093,0.05562409955210872,10,sqrt,1,10,100,"{'max_depth': 10, 'max_features': 'sqrt', 'min_samples_leaf': 1, 'min_samples_split': 10, 'n_estimators': 100}",0.8724635607448107,0.8757473013732541,0.849689253188782,0.8715183146983462,0.8744427394427395,0.8687722338895865,0.009655394407456091,102,0.9709115388401036,0.9688526964065702,0.9709487970254155,0.9719021485472451,0.9652324664384773,0.9695695294515623,0.0023861452293866257
0.8153476238250732,0.09423691285738484,0.41782846450805666,0.12018578786505989,10,sqrt,1,10,200,"{'max_depth': 10, 'max_features': 'sqrt', 'min_samples_leaf': 1, 'min_samples_split': 10, 'n_estimators': 200}",0.8703724879188288,0.8756831800583122,0.8519091749984218,0.8715183146983462,0.8782475833691065,0.8695461482086031,0.009262971831689911,79,0.9709436737312894,0.9698735899308633,0.9709565670082241,0.9739566647125192,0.9672937298721694,0.970604845051013,0.0021434283767523057
1.2165672302246093,0.02296255085067242,0.1636885166168213,0.01329520558770074,10,sqrt,1,10,300,"{'max_depth': 10, 'max_features': 'sqrt', 'min_samples_leaf': 1, 'min_samples_split': 10, 'n_estimators': 300}",0.8764536021357988,0.8756831800583122,0.8543645006165467,0.8715183146983462,0.8762622763143066,0.8708563747646622,0.008441218544079332,27,0.9699165727030877,0.9719619138140965,0.9699403111976697,0.972402883055242,0.9667696577616866,0.9701982677063565,0.001993591543813234
0.7084913730621338,0.1044216065355451,0.2663282871246338,0.15145186206664188,10,sqrt,2,2,100,"{'max_depth': 10, 'max_features': 'sqrt', 'min_samples_leaf': 2, 'min_samples_split': 2, 'n_estimators': 100}",0.8802249669556975,0.8818920117719905,0.8501642626639376,0.8776591782563545,0.8762758537758538,0.8732432546847668,0.011703693573592305,5,0.9802536438017455,0.9833581849247294,0.9828752522414913,0.9843901099686742,0.977157547315993,0.9816069476505266,0.002609598270203633
0.7152093887329102,0.08620092636416435,0.4158498287200928,0.08766065283952479,10,sqrt,2,2,200,"{'max_depth': 10, 'max_features': 'sqrt', 'min_samples_leaf': 2, 'min_samples_split': 2, 'n_estimators': 200}",0.8762812011777522,0.881710820444644,0.8504302612564817,0.879630725931677,0.8676995639075433,0.8711505145436196,0.011410485947783301,25,0.9818025963162494,0.982324949769919,0.982878485273931,0.9843745265753028,0.9802630902341356,0.9823287296339075,0.0013439652580607522
1.186754083633423,0.1461728369041214,0.23551011085510254,0.05032980878395165,10,sqrt,2,2,300,"{'max_depth': 10, 'max_features': 'sqrt', 'min_samples_leaf': 2, 'min_samples_split': 2, 'n_estimators': 300}",0.8743358167480029,0.8816668919472435,0.8506100736526782,0.8774920722187229,0.86984111410942,0.8707891937352134,0.010806731008346296,32,0.9828422155051053,0.9833594582850308,0.9833950756642733,0.9864558767702143,0.9802651213822665,0.983263549521378,0.001969037558786376
0.5594633102416993,0.08620591499664956,0.25540719032287595,0.050559326698919306,10,sqrt,2,5,100,"{'max_depth': 10, 'max_features': 'sqrt', 'min_samples_leaf': 2, 'min_samples_split': 5, 'n_estimators': 100}",0.8681553009447379,0.8714350175306791,0.8501469409004468,0.8693756808554391,0.8823540118477755,0.8682933904158157,0.010373571682822517,110,0.9776589753164505,0.9797216390654426,0.9776525448199375,0.9796766372958065,0.9792004516908903,0.9787820496377055,0.0009375769529243712
0.7945202827453614,0.12018081085967222,0.3188303470611572,0.06455806150267802,10,sqrt,2,5,200,"{'max_depth': 10, 'max_features': 'sqrt', 'min_samples_leaf': 2, 'min_samples_split': 5, 'n_estimators': 200}",0.8683813661118783,0.8755570495879643,0.845953486149916,0.871171875,0.8760769846767995,0.8674281523053116,0.011108254904200445,143,0.9802384440299754,0.9797229297407722,0.9808080946689804,0.9812408566386044,0.9792008867426685,0.9802422423642001,0.0007309638648468409
1.1156606674194336,0.12393856642727054,0.23426613807678223,0.0747490168777609,10,sqrt,2,5,300,"{'max_depth': 10, 'max_features': 'sqrt', 'min_samples_leaf': 2, 'min_samples_split': 5, 'n_estimators': 300}",0.8704936124348711,0.8797191836295305,0.8484153634463231,0.8736186312609263,0.8762464998314053,0.8696986581206113,0.01106582067918735,70,0.9812755406899941,0.9802545242884498,0.9787351438851368,0.9812329096510511,0.9786848506274735,0.980036593828421,0.0011432091842587503
0.6013350486755371,0.13285874937262002,0.14552059173583984,0.051734579167048336,10,sqrt,2,10,100,"{'max_depth': 10, 'max_features': 'sqrt', 'min_samples_leaf': 2, 'min_samples_split': 10, 'n_estimators': 100}",0.8660866567116567,0.8757473013732541,0.8521965966341363,0.8715183146983462,0.8719695728947134,0.8675036884624212,0.008250255033908218,135,0.9605612915959497,0.9621314075197223,0.9678313187323241,0.9630036322597569,0.9600441133941653,0.9627143527003836,0.002770295983863803
0.6816407203674316,0.0345001670257223,0.25527067184448243,0.08085711307571462,10,sqrt,2,10,200,"{'max_depth': 10, 'max_features': 'sqrt', 'min_samples_leaf': 2, 'min_samples_split': 10, 'n_estimators': 200}",0.8743321446446447,0.8862343902524976,0.8536216942463415,0.8712577497835087,0.8719695728947134,0.8714831103643412,0.010440640532019688,20,0.962114763547765,0.9626297608115003,0.9626421499587035,0.9635287772505902,0.9605124760797532,0.9622855855296624,0.0009964153493925642
1.125501537322998,0.1103501255764922,0.2075498104095459,0.022606328463082873,10,sqrt,2,10,300,"{'max_depth': 10, 'max_features': 'sqrt', 'min_samples_leaf': 2, 'min_samples_split': 10, 'n_estimators': 300}",0.8744577515113463,0.881858440486048,0.8543087232254535,0.8756342202986389,0.8759449225204317,0.8724408116083836,0.00942347135319998,10,0.9595201632233544,0.9626026568778531,0.9631823857349336,0.9635578186199948,0.9605547586424857,0.9618835566197242,0.0015721671608085507
0.5520638942718505,0.06896804434501848,0.21126217842102052,0.06524640110741446,10,sqrt,4,2,100,"{'max_depth': 10, 'max_features': 'sqrt', 'min_samples_leaf': 4, 'min_samples_split': 2, 'n_estimators': 100}",0.8744696426422581,0.8799409630016445,0.8519572981941702,0.869598627801705,0.8638655055636187,0.8679664074406794,0.00960682223577167,119,0.958987636745081,0.959499789908169,0.9611089445644041,0.9599381491314243,0.9563682423462715,0.9591805525390701,0.0015710420759506719
0.8127496242523193,0.1808952505259392,0.22947587966918945,0.018170964697433574,10,sqrt,4,2,200,"{'max_depth': 10, 'max_features': 'sqrt', 'min_samples_leaf': 4, 'min_samples_split': 2, 'n_estimators': 200}",0.8786080924104515,0.8778679513176224,0.8499137550132555,0.8755914034117543,0.8741040523999047,0.8712170509105975,0.010771834794222156,21,0.9563969547162036,0.9585082738773223,0.9595454905350206,0.959391192026926,0.9537660614244178,0.957521594515978,0.0021878724639239283
1.1593706130981445,0.17109738873912672,0.1523984432220459,0.03129236065431629,10,sqrt,4,2,300,"{'max_depth': 10, 'max_features': 'sqrt', 'min_samples_leaf': 4, 'min_samples_split': 2, 'n_estimators': 300}",0.8787311861597047,0.879990214277293,0.8481698460541812,0.8777231310569696,0.8782475833691065,0.8725723921834512,0.012224377214286916,8,0.9569199120800024,0.9600421824900826,0.9590639555213455,0.9588596361383395,0.9568985944381035,0.9583568561335747,0.0012477529876455823
0.5536282062530518,0.0629281063134061,0.14534354209899902,0.07944260140325873,10,sqrt,4,5,100,"{'max_depth': 10, 'max_features': 'sqrt', 'min_samples_leaf': 4, 'min_samples_split': 5, 'n_estimators': 100}",0.8744696426422581,0.8799409630016445,0.8519572981941702,0.869598627801705,0.8638655055636187,0.8679664074406794,0.00960682223577167,119,0.958987636745081,0.959499789908169,0.9611089445644041,0.9599381491314243,0.9563682423462715,0.9591805525390701,0.0015710420759506719
0.6911325454711914,0.06151429862001843,0.13879194259643554,0.011827665522124322,10,sqrt,4,5,200,"{'max_depth': 10, 'max_features': 'sqrt', 'min_samples_leaf': 4, 'min_samples_split': 5, 'n_estimators': 200}",0.8786080924104515,0.8778679513176224,0.8499137550132555,0.8755914034117543,0.8741040523999047,0.8712170509105975,0.010771834794222156,21,0.9563969547162036,0.9585082738773223,0.9595454905350206,0.959391192026926,0.9537660614244178,0.957521594515978,0.0021878724639239283
1.2278823375701904,0.12128891377313011,0.25960674285888674,0.07714522917387923,10,sqrt,4,5,300,"{'max_depth': 10, 'max_features': 'sqrt', 'min_samples_leaf': 4, 'min_samples_split': 5, 'n_estimators': 300}",0.8787311861597047,0.879990214277293,0.8481698460541812,0.8777231310569696,0.8782475833691065,0.8725723921834512,0.012224377214286916,8,0.9569199120800024,0.9600421824900826,0.9590639555213455,0.9588596361383395,0.9568985944381035,0.9583568561335747,0.0012477529876455823
0.4821776390075684,0.10154558416137897,0.16783313751220702,0.031399005631206484,10,sqrt,4,10,100,"{'max_depth': 10, 'max_features': 'sqrt', 'min_samples_leaf': 4, 'min_samples_split': 10, 'n_estimators': 100}",0.8806805173992674,0.8800832585753309,0.8461999841584772,0.8692862730244845,0.8701830847476161,0.8692866235810353,0.012491474741714751,87,0.9558429233735901,0.9507735909452649,0.9564512427074005,0.9547493936171135,0.950208902639906,0.953605210656655,0.0026065068432280618
0.730663251876831,0.04457487116795877,0.10065908432006836,0.011553015443970287,10,sqrt,4,10,200,"{'max_depth': 10, 'max_features': 'sqrt', 'min_samples_leaf': 4, 'min_samples_split': 10, 'n_estimators': 200}",0.8724873709114835,0.8821111736568803,0.8506100736526782,0.8714734797514041,0.8722983660897458,0.8697960928124384,0.01035454029600123,65,0.9537939658977012,0.9538636405394016,0.9580117233230319,0.9547307497901883,0.951230990153465,0.9543262139407576,0.0021828559771413015
1.2396974563598633,0.06443363013557986,0.23948063850402831,0.042317413086522225,10,sqrt,4,10,300,"{'max_depth': 10, 'max_features': 'sqrt', 'min_samples_leaf': 4, 'min_samples_split': 10, 'n_estimators': 300}",0.8725311986310166,0.8756831800583122,0.848003392009897,0.8797949608458737,0.8744619581425913,0.870094937937538,0.011299217030694076,55,0.9553961124011676,0.9553964509225362,0.9575171206565644,0.9557359080875574,0.9527769867582722,0.9553645157652196,0.0015145272951520748
0.48024911880493165,0.11159613643263945,0.17964353561401367,0.06665262295974224,10,log2,1,2,100,"{'max_depth': 10, 'max_features': 'log2', 'min_samples_leaf': 1, 'min_samples_split': 2, 'n_estimators': 100}",0.8642976340294697,0.884235010722909,0.856223115370582,0.8758246344643694,0.8619597652268478,0.8685080319628355,0.010123210525982492,106,0.9922045474670571,0.9906348649409596,0.9911629553579949,0.9921912090728271,0.9870189620018588,0.9906425077681396,0.0019099451185340456
0.8767630100250244,0.14282641954948577,0.2102588176727295,0.037915877161696164,10,log2,1,2,200,"{'max_depth': 10, 'max_features': 'log2', 'min_samples_leaf': 1, 'min_samples_split': 2, 'n_estimators': 200}",0.8664132558470923,0.8839796438529288,0.8522851870661182,0.873399018397696,0.8701840957677354,0.8692522401863141,0.010304380299468079,88,0.9932414097264508,0.9906348649409596,0.9916809502922282,0.99271121998019,0.9885726601092688,0.9913682210098195,0.0016591114295928548
1.2649653911590577,0.10951198093472374,0.1875281810760498,0.02169464307839236,10,log2,1,2,300,"{'max_depth': 10, 'max_features': 'log2', 'min_samples_leaf': 1, 'min_samples_split': 2, 'n_estimators': 300}",0.8725311986310166,0.8800018647501738,0.8499137550132555,0.8755390744023204,0.8660685236661484,0.8688108832925829,0.010478257119738309,98,0.9927205999918213,0.9906421545572263,0.9916813772745239,0.9932332577130494,0.9880518934602062,0.9912658565993653,0.0018372896455782876
0.5403434753417968,0.051803787953428916,0.16025819778442382,0.031634426186015606,10,log2,1,5,100,"{'max_depth': 10, 'max_features': 'log2', 'min_samples_leaf': 1, 'min_samples_split': 5, 'n_estimators': 100}",0.8744577515113463,0.8774985049561727,0.8477331996102281,0.8676170044782688,0.876722241485591,0.8688057404083214,0.011096354744673693,99,0.9854519262756521,0.9818130789419577,0.9813216826413501,0.98699026013809,0.9792562185918445,0.9829666333177789,0.0028344305156370133
0.9947251796722412,0.09306517918090636,0.21809158325195313,0.06248859689363296,10,log2,1,5,200,"{'max_depth': 10, 'max_features': 'log2', 'min_samples_leaf': 1, 'min_samples_split': 5, 'n_estimators': 200}",0.8701925483175484,0.8778836666309153,0.8503512800808746,0.8758436792398057,0.8745898388243115,0.8697722026186911,0.010032120594554992,66,0.9854494084311409,0.9828485749198419,0.9854687279689921,0.9869878130083971,0.9792494216672639,0.9840007891991271,0.0027231872618977684
1.3330276489257813,0.1811999245263529,0.24024887084960939,0.07620501766298758,10,log2,1,5,300,"{'max_depth': 10, 'max_features': 'log2', 'min_samples_leaf': 1, 'min_samples_split': 5, 'n_estimators': 300}",0.8701925483175484,0.8799766108108292,0.841578155801781,0.8717325464005593,0.8726070876179387,0.8672173897897313,0.01325484885405658,148,0.9859722120283094,0.9838877926086498,0.9839136947525394,0.9869799348972133,0.979764861200563,0.984103699097455,0.002476784387349125
0.5965978622436523,0.10346619773681759,0.18893857002258302,0.09764561262364083,10,log2,1,10,100,"{'max_depth': 10, 'max_features': 'log2', 'min_samples_leaf': 1, 'min_samples_split': 10, 'n_estimators': 100}",0.8622280680304596,0.880010729777615,0.8586837978297118,0.8650226866076574,0.8724560020977796,0.8676802568686446,0.007649491783262025,131,0.9667793571942268,0.9662684286264619,0.9693939576530032,0.9703347498449401,0.9662848357408087,0.9678122658118882,0.0017116104034991943
0.8069279193878174,0.09738626866991146,0.1289755344390869,0.0275867246440851,10,log2,1,10,200,"{'max_depth': 10, 'max_features': 'log2', 'min_samples_leaf': 1, 'min_samples_split': 10, 'n_estimators': 200}",0.8683542712000717,0.8821111736568803,0.8501291055221091,0.8674009980572492,0.8744628908328771,0.8684916878538373,0.010578644298914626,107,0.9672889661981443,0.9678199682431715,0.9704752961137892,0.9719094583491483,0.9646935274344145,0.9684374432677336,0.0025268523383868793
1.3429423809051513,0.10001416329834703,0.2598578453063965,0.0496939184822031,10,log2,1,10,300,"{'max_depth': 10, 'max_features': 'log2', 'min_samples_leaf': 1, 'min_samples_split': 10, 'n_estimators': 300}",0.8704936124348711,0.8800866245913415,0.8523070448661898,0.8734467316158158,0.8723139179263837,0.8697295862869204,0.009294007395843093,67,0.9657417241867707,0.9683335274844797,0.9704536148404818,0.9708563746999526,0.9646955990140301,0.968016168045143,0.0024620280782777846
0.549324893951416,0.09681907721114569,0.11326794624328614,0.028182321380315487,10,log2,2,2,100,"{'max_depth': 10, 'max_features': 'log2', 'min_samples_leaf': 2, 'min_samples_split': 2, 'n_estimators': 100}",0.8619152757588585,0.8757069034031687,0.849717846855233,0.8836077668605161,0.8701640333896298,0.8682223652534813,0.011650712837582953,111,0.9802598516400173,0.9781609484902773,0.982853956834764,0.9802288797464281,0.9776862726224936,0.979837981866796,0.0018368001460824079
0.9987493038177491,0.02811315486672654,0.10472259521484376,0.011729721874524746,10,log2,2,2,200,"{'max_depth': 10, 'max_features': 'log2', 'min_samples_leaf': 2, 'min_samples_split': 2, 'n_estimators': 200}",0.8642332493894994,0.8800425616627524,0.8519091749984218,0.8841667714965841,0.8680266955266956,0.8696756906147906,0.011536480129447945,72,0.9812991202784583,0.9792256634201011,0.9813049461099449,0.9828236240707585,0.9797436028338865,0.9808793913426298,0.0012776651923745623
1.3827728748321533,0.06137572347385434,0.27219405174255373,0.09339521869836176,10,log2,2,2,300,"{'max_depth': 10, 'max_features': 'log2', 'min_samples_leaf': 2, 'min_samples_split': 2, 'n_estimators': 300}",0.8726449067888274,0.8841530632301506,0.8457914145877236,0.8715750886831012,0.8658878073179178,0.8680104561215443,0.012593331149258397,116,0.9818139452709711,0.9807713708145922,0.9818247713656937,0.9833304657658815,0.9792121226385107,0.9813905351711298,0.0013608830633415384
0.49947052001953124,0.06609980685207421,0.17036566734313965,0.06626181712927613,10,log2,2,5,100,"{'max_depth': 10, 'max_features': 'log2', 'min_samples_leaf': 2, 'min_samples_split': 5, 'n_estimators': 100}",0.8662342561467145,0.8756341437378701,0.8495558697105702,0.871839784655758,0.8639467601924264,0.8654421628886679,0.00894476371738339,162,0.9776568989578467,0.9781808838267316,0.9797545096573655,0.9770981395621339,0.9709658871917746,0.9767312638391704,0.003015704874185652
1.0657160758972168,0.1068068865523582,0.20014009475708008,0.02185860806101104,10,log2,2,5,200,"{'max_depth': 10, 'max_features': 'log2', 'min_samples_leaf': 2, 'min_samples_split': 5, 'n_estimators': 200}",0.8704733442072075,0.8821666415455411,0.8457914145877236,0.8694981365578056,0.8680514143287262,0.8671961902454008,0.011824118878230587,149,0.9797216390654426,0.9787082754628124,0.9787086520540442,0.9791880319839386,0.9740493960407538,0.9780751989213984,0.0020473543994803003
1.4012497901916503,0.10127264778053734,0.21518750190734864,0.07519218394843137,10,log2,2,5,300,"{'max_depth': 10, 'max_features': 'log2', 'min_samples_leaf': 2, 'min_samples_split': 5, 'n_estimators': 300}",0.8766230755965834,0.8842309524856695,0.8416690741621916,0.8716821331114164,0.8680514143287262,0.8684513299369174,0.014447568383200106,109,0.9786824251914265,0.9802482164424168,0.9787099322710724,0.9817729142842262,0.9730216727851404,0.9784870321948566,0.002961648439756243
0.5626909732818604,0.0827392107355732,0.16837053298950194,0.05732006361158881,10,log2,2,10,100,"{'max_depth': 10, 'max_features': 'log2', 'min_samples_leaf': 2, 'min_samples_split': 10, 'n_estimators': 100}",0.8624541862277063,0.8819896203397382,0.8433249329896246,0.865201955754674,0.8765717584918356,0.8659084907607157,0.013377268034726613,159,0.9636370335964254,0.9610641496105804,0.9600875420133164,0.9630582677721501,0.955888214800981,0.9607470415586906,0.002750909493833269
0.8853278160095215,0.15236836928002978,0.13883566856384277,0.05972715992582058,10,log2,2,10,200,"{'max_depth': 10, 'max_features': 'log2', 'min_samples_leaf': 2, 'min_samples_split': 10, 'n_estimators': 200}",0.8742984399234399,0.8778127566649149,0.8455314706534938,0.8695424047561271,0.8724639484708518,0.8679298040937654,0.011515872184812651,121,0.9646750448344951,0.9610645983965109,0.9631984147746712,0.9635561251744446,0.9594868304630143,0.9623962027286271,0.0018665316856583802
1.2484618186950684,0.11491887423601573,0.2509020805358887,0.03209235971652381,10,log2,2,10,300,"{'max_depth': 10, 'max_features': 'log2', 'min_samples_leaf': 2, 'min_samples_split': 10, 'n_estimators': 300}",0.8786080924104515,0.8736137443851306,0.8436011906488922,0.8756342202986389,0.8764267751059006,0.8695768045698028,0.013085930944023761,74,0.9620882035295198,0.9620612086312345,0.9626723601476982,0.9640603503821839,0.9600151142214917,0.9621794473824256,0.0013028739741941951
0.41201167106628417,0.10301362107461082,0.2008965492248535,0.0767702213496973,10,log2,4,2,100,"{'max_depth': 10, 'max_features': 'log2', 'min_samples_leaf': 4, 'min_samples_split': 2, 'n_estimators': 100}",0.8683550824175824,0.8798251380961875,0.8458108829668464,0.8775945004195539,0.8722992668499379,0.8687769741500218,0.012164181672656439,100,0.956379841020257,0.9563520823916931,0.963129754469876,0.9588304200570347,0.9522306479435779,0.9573845491764876,0.003570323529482462
1.0866303443908691,0.05420741364641633,0.12146162986755371,0.010341724603561638,10,log2,4,2,200,"{'max_depth': 10, 'max_features': 'log2', 'min_samples_leaf': 4, 'min_samples_split': 2, 'n_estimators': 200}",0.8766117643098558,0.8818544894329426,0.8438278586496467,0.8713482544442063,0.872158084106403,0.869160090188611,0.013207370703270178,90,0.9558726430538671,0.9574498205250882,0.9636951272897062,0.95782248512421,0.9548362068222782,0.9579352565630298,0.0030751572355312983
1.2767166137695312,0.026753397193912377,0.21471405029296875,0.02017248391369512,10,log2,4,2,300,"{'max_depth': 10, 'max_features': 'log2', 'min_samples_leaf': 4, 'min_samples_split': 2, 'n_estimators': 300}",0.8766230755965834,0.8797191836295305,0.8458408581896328,0.8712970690993788,0.8762761758518832,0.8699512724734018,0.012353563805712954,59,0.956897323237427,0.9564174837759595,0.9621597213954988,0.9578397550299663,0.9558579935435693,0.9578344553964842,0.0022583348184574436
0.525146770477295,0.10358630681442978,0.1708080768585205,0.0749176033937745,10,log2,4,5,100,"{'max_depth': 10, 'max_features': 'log2', 'min_samples_leaf': 4, 'min_samples_split': 5, 'n_estimators': 100}",0.8683550824175824,0.8798251380961875,0.8458108829668464,0.8775945004195539,0.8722992668499379,0.8687769741500218,0.012164181672656439,100,0.956379841020257,0.9563520823916931,0.963129754469876,0.9588304200570347,0.9522306479435779,0.9573845491764876,0.003570323529482462
0.9834576606750488,0.05063001835255111,0.130961275100708,0.025954303056580703,10,log2,4,5,200,"{'max_depth': 10, 'max_features': 'log2', 'min_samples_leaf': 4, 'min_samples_split': 5, 'n_estimators': 200}",0.8766117643098558,0.8818544894329426,0.8438278586496467,0.8713482544442063,0.872158084106403,0.869160090188611,0.013207370703270178,90,0.9558726430538671,0.9574498205250882,0.9636951272897062,0.95782248512421,0.9548362068222782,0.9579352565630298,0.0030751572355312983
1.3306498527526855,0.09361541688361691,0.2376194953918457,0.07347099948993746,10,log2,4,5,300,"{'max_depth': 10, 'max_features': 'log2', 'min_samples_leaf': 4, 'min_samples_split': 5, 'n_estimators': 300}",0.8766230755965834,0.8797191836295305,0.8458408581896328,0.8712970690993788,0.8762761758518832,0.8699512724734018,0.012353563805712954,59,0.956897323237427,0.9564174837759595,0.9621597213954988,0.9578397550299663,0.9558579935435693,0.9578344553964842,0.0022583348184574436
0.41085262298583985,0.07348504235415562,0.19479475021362305,0.04448715209019901,10,log2,4,10,100,"{'max_depth': 10, 'max_features': 'log2', 'min_samples_leaf': 4, 'min_samples_split': 10, 'n_estimators': 100}",0.8664437836891177,0.8861469208736892,0.8521560839994395,0.8757985799238367,0.8719695728947134,0.8705029882761594,0.011207255033030753,41,0.9538618371448461,0.9507391766742842,0.9549243225172651,0.9546976904588307,0.9506968511522113,0.9529839755894874,0.0018837444691467363
0.9639194011688232,0.09841617602301937,0.2191988468170166,0.043229847420787906,10,log2,4,10,200,"{'max_depth': 10, 'max_features': 'log2', 'min_samples_leaf': 4, 'min_samples_split': 10, 'n_estimators': 200}",0.8662681342605995,0.879990214277293,0.850004673373666,0.8693756808554391,0.8701643808754089,0.8671606167284814,0.009732939933550233,150,0.9558563279359049,0.9517756132454835,0.9544107721624477,0.955173244401972,0.952248427759501,0.9538928771010617,0.0016093299706270321
1.423912763595581,0.11631972240453708,0.270291805267334,0.03938334612743799,10,log2,4,10,300,"{'max_depth': 10, 'max_features': 'log2', 'min_samples_leaf': 4, 'min_samples_split': 10, 'n_estimators': 300}",0.8705395845126468,0.8881362130628518,0.8545454856337759,0.8693250361520619,0.8762622763143066,0.8717617191351288,0.010883095141370695,19,0.9564069576397952,0.9548531201343167,0.9549214966184262,0.9541857449180369,0.9502114361125145,0.954115751084618,0.002082841376451933
0.6145904541015625,0.05796960857864776,0.11368513107299805,0.03122021371729197,20,sqrt,1,2,100,"{'max_depth': 20, 'max_features': 'sqrt', 'min_samples_leaf': 1, 'min_samples_split': 2, 'n_estimators': 100}",0.8700362086364954,0.881710820444644,0.8460188574393015,0.8674009980572492,0.8717899167400509,0.8673913602635481,0.011731781038958701,145,1.0,1.0,1.0,1.0,1.0,1.0,0.0
0.8971354961395264,0.05575886792005027,0.11815037727355956,0.03580737737453671,20,sqrt,1,2,200,"{'max_depth': 20, 'max_features': 'sqrt', 'min_samples_leaf': 1, 'min_samples_split': 2, 'n_estimators': 200}",0.8784350108788426,0.8819416763585294,0.8499456943837679,0.8755216953211704,0.8805396322854173,0.8732767418455454,0.011864366808618085,4,1.0,1.0,1.0,1.0,1.0,1.0,0.0
1.4082047462463378,0.07133595060027895,0.1836988925933838,0.014151232442854673,20,sqrt,1,2,300,"{'max_depth': 20, 'max_features': 'sqrt', 'min_samples_leaf': 1, 'min_samples_split': 2, 'n_estimators': 300}",0.8763154517916474,0.8777360924355893,0.8565157178020627,0.8818262493085008,0.8803872053872053,0.8745561433450011,0.009225182073650647,1,1.0,1.0,1.0,1.0,1.0,1.0,0.0
0.5630983352661133,0.19884761990123767,0.23572254180908203,0.09931803043964002,20,sqrt,1,5,100,"{'max_depth': 20, 'max_features': 'sqrt', 'min_samples_leaf': 1, 'min_samples_split': 5, 'n_estimators': 100}",0.8719878925007627,0.873517233923484,0.8536216942463415,0.8754180069379756,0.8678599263647737,0.8684809507946675,0.007835415908941327,108,0.9947920762676614,0.996352899743812,0.996877465608563,0.9963525183637072,0.9947916745646338,0.9958333269096755,0.0008716632177455247
0.9107677459716796,0.06075424794310799,0.13924307823181153,0.047965234400347015,20,sqrt,1,5,200,"{'max_depth': 20, 'max_features': 'sqrt', 'min_samples_leaf': 1, 'min_samples_split': 5, 'n_estimators': 200}",0.8720727538160181,0.8772929626463045,0.849717846855233,0.8794346506221984,0.8720094293506226,0.8701055286580754,0.01060041608541579,52,0.9968762227407159,0.9968733133211585,0.9963558118445287,0.9973950089799519,0.995831680097605,0.9966664073967919,0.0005312122114862741
1.3971780776977538,0.0777288774002025,0.24541501998901366,0.033094914056669776,20,sqrt,1,5,300,"{'max_depth': 20, 'max_features': 'sqrt', 'min_samples_leaf': 1, 'min_samples_split': 5, 'n_estimators': 300}",0.8720242427907522,0.8797627064934939,0.847750990714992,0.8756342202986389,0.8761262478131111,0.8702596816221977,0.011518373053822287,44,0.9973966456509593,0.9968724970314499,0.9958349797983124,0.9973950089799519,0.9963520899262132,0.9967702442773773,0.000607081205000141
0.5499736785888671,0.12074980139009032,0.18930273056030272,0.030829023391187052,20,sqrt,1,10,100,"{'max_depth': 20, 'max_features': 'sqrt', 'min_samples_leaf': 1, 'min_samples_split': 10, 'n_estimators': 100}",0.8663505343541923,0.877967570392721,0.8436011906488922,0.8690977968807804,0.8737808562745272,0.8661595897102226,0.011958787574723902,157,0.9776082866316259,0.979704679442235,0.9786995997447056,0.977062962728278,0.9750319001942186,0.9776214857482126,0.0015824096358515334
0.9542723178863526,0.1577244757082199,0.25832691192626955,0.05267606803468615,20,sqrt,1,10,200,"{'max_depth': 20, 'max_features': 'sqrt', 'min_samples_leaf': 1, 'min_samples_split': 10, 'n_estimators': 200}",0.8744696426422581,0.8822548199769982,0.8454981856173603,0.8712411295978233,0.875944517556592,0.8698816590782064,0.012706729672498912,62,0.9812643635047418,0.9817754131579022,0.9781672498994406,0.9822669776270189,0.9760715294909245,0.9799091067360056,0.002393342435146217
1.3936774730682373,0.08518073503018488,0.23549871444702147,0.028570316865339687,20,sqrt,1,10,300,"{'max_depth': 20, 'max_features': 'sqrt', 'min_samples_leaf': 1, 'min_samples_split': 10, 'n_estimators': 300}",0.8743358167480029,0.8796343269886215,0.8479790632004364,0.8628685296761931,0.8698421955826193,0.8669319864391747,0.010957741154934818,152,0.9802231066173713,0.9797084884799141,0.9781677455846285,0.9812163872385183,0.9771102760927739,0.9792852008026414,0.0014674688741507754
0.5480775356292724,0.07353563917763416,0.19865379333496094,0.06721641165404761,20,sqrt,2,2,100,"{'max_depth': 20, 'max_features': 'sqrt', 'min_samples_leaf': 2, 'min_samples_split': 2, 'n_estimators': 100}",0.8723425296434731,0.8856167733074417,0.8391676822684481,0.8730619268287934,0.8823779340797646,0.8705133692255842,0.016500144111764262,39,0.993752477437589,0.9927054223188948,0.9906388487838157,0.9932274923471497,0.9911495098039216,0.9922947501382742,0.0012014335825543418
0.9195703029632568,0.0924637389238309,0.2260514736175537,0.04883544604325419,20,sqrt,2,2,200,"{'max_depth': 20, 'max_features': 'sqrt', 'min_samples_leaf': 2, 'min_samples_split': 2, 'n_estimators': 200}",0.8724830177549637,0.8857248308680198,0.8391827512942515,0.877433800623053,0.8802434096004247,0.8710135620281425,0.016481448921816105,26,0.9927116167161202,0.9947916761295446,0.9942769833107391,0.9927041524895589,0.9895915348940789,0.9928151927080083,0.0018142957917250768
1.3822699069976807,0.12660425810215065,0.1946286678314209,0.039583887782413965,20,sqrt,2,2,300,"{'max_depth': 20, 'max_features': 'sqrt', 'min_samples_leaf': 2, 'min_samples_split': 2, 'n_estimators': 300}",0.8723536670852651,0.8835469917689934,0.8394383024751657,0.8752353454968945,0.8759708056743627,0.8693090225001363,0.01538668387719176,86,0.9911536060778758,0.9947891867524317,0.9942757447940416,0.993745051136612,0.9906287050864352,0.9929184587694794,0.001696041298562582
0.6329131126403809,0.09006959823217948,0.19463014602661133,0.07141613644442536,20,sqrt,2,5,100,"{'max_depth': 20, 'max_features': 'sqrt', 'min_samples_leaf': 2, 'min_samples_split': 5, 'n_estimators': 100}",0.8724830177549637,0.8735289973918544,0.8432975436792763,0.8756342202986389,0.8736624212530965,0.8677212400755661,0.012254259726038368,128,0.9864540082383831,0.9895791706470407,0.9885416666666667,0.9885462095956989,0.9864619902957309,0.9879166090887039,0.0012495056454186705
0.9170025825500489,0.055736722712692637,0.2488196849822998,0.06045129075416636,20,sqrt,2,5,200,"{'max_depth': 20, 'max_features': 'sqrt', 'min_samples_leaf': 2, 'min_samples_split': 5, 'n_estimators': 200}",0.8744665019755293,0.8838912692491175,0.8436158617749802,0.8732671339563863,0.8759691376837677,0.8702419809279561,0.013820649378774608,45,0.9880216051309005,0.990094547653819,0.9896005338822884,0.9906208314410772,0.9890640869761103,0.989480321016839,0.0008937105051348353
1.404173231124878,0.1566460733189787,0.31831998825073243,0.12658544387545678,20,sqrt,2,5,300,"{'max_depth': 20, 'max_features': 'sqrt', 'min_samples_leaf': 2, 'min_samples_split': 5, 'n_estimators': 300}",0.8724873709114835,0.8755570495879643,0.8440317165604238,0.8733188342903738,0.8781067430482364,0.8687003428796963,0.012487657584333985,103,0.9890723190083398,0.9906166898334702,0.9890743848029738,0.9921812718642855,0.9880281862745098,0.9897945703567158,0.0014513890924362487
0.5306153774261475,0.04197121899102317,0.18519268035888672,0.019320339903082122,20,sqrt,2,10,100,"{'max_depth': 20, 'max_features': 'sqrt', 'min_samples_leaf': 2, 'min_samples_split': 10, 'n_estimators': 100}",0.8658992792431316,0.8857248308680198,0.8474897787397787,0.8733367124251701,0.8780729656456318,0.8701047133843464,0.013015743370221206,53,0.9693021198909465,0.9708677862736228,0.9719407632714919,0.9697402661465494,0.9667567056091196,0.969721528238346,0.0017438657809374992
0.7997275352478027,0.04327998129287632,0.2033337116241455,0.04444791967785907,20,sqrt,2,10,200,"{'max_depth': 20, 'max_features': 'sqrt', 'min_samples_leaf': 2, 'min_samples_split': 10, 'n_estimators': 200}",0.865942996317179,0.8880466200886055,0.849717846855233,0.8692025369968213,0.8779293425757625,0.8701678685667202,0.012781823291998985,50,0.9724334447760472,0.9698155481342271,0.9698503239625748,0.9697411504248642,0.9672318883243295,0.9698144711244086,0.0016453218176501582
1.3309401512145995,0.0723003859466493,0.1577888011932373,0.028163444666444083,20,sqrt,2,10,300,"{'max_depth': 20, 'max_features': 'sqrt', 'min_samples_leaf': 2, 'min_samples_split': 10, 'n_estimators': 300}",0.8639632124733925,0.8837401514776905,0.8457629395163379,0.8756857092941999,0.8716549227424489,0.8681613871008139,0.012890564298403226,112,0.9719182133766575,0.9692890157632019,0.9714262458527763,0.9697286171338926,0.9698171097153085,0.9704358403683674,0.0010369697930685204
0.6470354080200196,0.11117790657781276,0.2012110710144043,0.11273105518831544,20,sqrt,4,2,100,"{'max_depth': 20, 'max_features': 'sqrt', 'min_samples_leaf': 4, 'min_samples_split': 2, 'n_estimators': 100}",0.8741035163442653,0.8776448147439745,0.8462648586916874,0.8735994925213676,0.8737570185038487,0.8690739401610287,0.011501500529111603,93,0.9677537580185157,0.9635988272185894,0.9631560493775451,0.9634976612125684,0.9594232565890312,0.9634859104832498,0.0026397490739197616
0.7897713661193848,0.06149042474398642,0.21686911582946777,0.03743822473032658,20,sqrt,4,2,200,"{'max_depth': 20, 'max_features': 'sqrt', 'min_samples_leaf': 4, 'min_samples_split': 2, 'n_estimators': 200}",0.8764536021357988,0.879990214277293,0.8460197859299103,0.8756857092941999,0.8822093596800565,0.8720717342634519,0.013239632686476488,11,0.9646125983526223,0.96309997226063,0.9647184654854721,0.9634976051100139,0.9620322351522259,0.9635921752721928,0.0009994411844276012
1.2818103313446045,0.12657255681099394,0.25411248207092285,0.08083975401391272,20,sqrt,4,2,300,"{'max_depth': 20, 'max_features': 'sqrt', 'min_samples_leaf': 4, 'min_samples_split': 2, 'n_estimators': 300}",0.8743358167480029,0.8798183144570918,0.8436011906488922,0.8776591782563545,0.8757770636981268,0.8702383127616937,0.013445067887367745,46,0.964123474307024,0.9635989209860379,0.9652312395253474,0.9629537314201237,0.9615638123681421,0.9634942357213351,0.0012200624278863458
0.4752808094024658,0.10680481359206251,0.171341609954834,0.07513819113036624,20,sqrt,4,5,100,"{'max_depth': 20, 'max_features': 'sqrt', 'min_samples_leaf': 4, 'min_samples_split': 5, 'n_estimators': 100}",0.8741035163442653,0.8776448147439745,0.8462648586916874,0.8735994925213676,0.8737570185038487,0.8690739401610287,0.011501500529111603,93,0.9677537580185157,0.9635988272185894,0.9631560493775451,0.9634976612125684,0.9594232565890312,0.9634859104832498,0.0026397490739197616
0.899567985534668,0.10424598375845702,0.180397367477417,0.04350974593636081,20,sqrt,4,5,200,"{'max_depth': 20, 'max_features': 'sqrt', 'min_samples_leaf': 4, 'min_samples_split': 5, 'n_estimators': 200}",0.8764536021357988,0.879990214277293,0.8460197859299103,0.8756857092941999,0.8822093596800565,0.8720717342634519,0.013239632686476488,11,0.9646125983526223,0.96309997226063,0.9647184654854721,0.9634976051100139,0.9620322351522259,0.9635921752721928,0.0009994411844276012
1.314939832687378,0.15933643687117235,0.20612177848815919,0.035914765844650635,20,sqrt,4,5,300,"{'max_depth': 20, 'max_features': 'sqrt', 'min_samples_leaf': 4, 'min_samples_split': 5, 'n_estimators': 300}",0.8743358167480029,0.8798183144570918,0.8436011906488922,0.8776591782563545,0.8757770636981268,0.8702383127616937,0.013445067887367745,46,0.964123474307024,0.9635989209860379,0.9652312395253474,0.9629537314201237,0.9615638123681421,0.9634942357213351,0.0012200624278863458
0.6760030269622803,0.02641617243610218,0.16792573928833007,0.04332421300147279,20,sqrt,4,10,100,"{'max_depth': 20, 'max_features': 'sqrt', 'min_samples_leaf': 4, 'min_samples_split': 10, 'n_estimators': 100}",0.8806805173992674,0.8795381060417401,0.8519572981941702,0.8669413031377259,0.8738202442162326,0.8705874937978273,0.010514867139323675,36,0.9578920998852093,0.9589590288043399,0.9610797592887329,0.9573099053755851,0.9584306885650579,0.958734296383785,0.0012947635531927206
0.9158532619476318,0.12778247580667224,0.1903698444366455,0.018811340372174773,20,sqrt,4,10,200,"{'max_depth': 20, 'max_features': 'sqrt', 'min_samples_leaf': 4, 'min_samples_split': 10, 'n_estimators': 200}",0.8746013322941614,0.8797150251899564,0.8458108829668464,0.8715183146983462,0.878139769575942,0.8699570649450503,0.012403380727400973,57,0.9599580996405829,0.9610208878007565,0.9600560172085502,0.9578042126192414,0.9578881441117528,0.9593454722761766,0.0012795694805256186
1.3646491527557374,0.0855775613487005,0.26361618041992185,0.059834934080197334,20,sqrt,4,10,300,"{'max_depth': 20, 'max_features': 'sqrt', 'min_samples_leaf': 4, 'min_samples_split': 10, 'n_estimators': 300}",0.8704733442072075,0.873558888078312,0.8457629395163379,0.8733188342903738,0.8741266093119208,0.8674481230808304,0.010916116767315966,141,0.9578930999582449,0.9589440483217954,0.9600712486784353,0.9572916666666667,0.9568493203424846,0.9582098767935253,0.0011660432568099948
0.5015538692474365,0.054158092415833886,0.10850310325622559,0.020581352444198103,20,log2,1,2,100,"{'max_depth': 20, 'max_features': 'log2', 'min_samples_leaf': 1, 'min_samples_split': 2, 'n_estimators': 100}",0.8662736943075373,0.8756073556540059,0.8430968451306384,0.8859086377525858,0.8614373994621704,0.8664647864613876,0.014373738155153236,155,1.0,1.0,1.0,1.0,1.0,1.0,0.0
0.8701966285705567,0.088477883044393,0.31626152992248535,0.07992667705615025,20,log2,1,2,200,"{'max_depth': 20, 'max_features': 'log2', 'min_samples_leaf': 1, 'min_samples_split': 2, 'n_estimators': 200}",0.8619909186324182,0.8755805675701418,0.8492606214870265,0.875463897515528,0.8718532742222046,0.8668298558854637,0.010084142727372415,154,1.0,1.0,1.0,1.0,1.0,1.0,0.0
1.4909512996673584,0.16929476145694353,0.23560552597045897,0.07426586805038633,20,log2,1,2,300,"{'max_depth': 20, 'max_features': 'log2', 'min_samples_leaf': 1, 'min_samples_split': 2, 'n_estimators': 300}",0.8683140354700585,0.881858440486048,0.8430824933946446,0.875463897515528,0.8716549227424489,0.8680747579217456,0.01328214899066395,114,1.0,1.0,1.0,1.0,1.0,1.0,0.0
0.5811193466186524,0.15833223073164482,0.2731801986694336,0.07281206239727751,20,log2,1,5,100,"{'max_depth': 20, 'max_features': 'log2', 'min_samples_leaf': 1, 'min_samples_split': 5, 'n_estimators': 100}",0.862288357419527,0.8842309524856695,0.845336292457755,0.8698825142183852,0.8762616884011296,0.8675999609964933,0.013271846277874798,133,0.9947949372056516,0.9953083105359741,0.9953149691593854,0.9968741479760591,0.9942737020266713,0.9953132133807483,0.0008701422849639552
0.7967366218566895,0.09510188650111655,0.22428488731384277,0.056491530596300764,20,log2,1,5,200,"{'max_depth': 20, 'max_features': 'log2', 'min_samples_leaf': 1, 'min_samples_split': 5, 'n_estimators': 200}",0.8726176804309559,0.882392893804505,0.8413688383471905,0.8698144863929547,0.8721379892799249,0.8676663776511061,0.013838756681153478,132,0.9963557962971241,0.9968724970314499,0.9958349797983124,0.9979162575549094,0.9953112611305894,0.9964581583624771,0.0008957602986678148
1.3375848293304444,0.13251368198619773,0.20821242332458495,0.020970939467602524,20,log2,1,5,300,"{'max_depth': 20, 'max_features': 'log2', 'min_samples_leaf': 1, 'min_samples_split': 5, 'n_estimators': 300}",0.8724830177549637,0.8822342613207929,0.8414082648584985,0.8632821473570089,0.8806853633110445,0.8680186109204616,0.014919831536837638,115,0.9963557962971241,0.9963516799936168,0.9953157883771045,0.9973950089799519,0.9958308587369883,0.9962498264769571,0.0006900735969327354
0.5032023429870606,0.07009216734292893,0.1469810962677002,0.022676486410891785,20,log2,1,10,100,"{'max_depth': 20, 'max_features': 'log2', 'min_samples_leaf': 1, 'min_samples_split': 10, 'n_estimators': 100}",0.8764492048281357,0.8776393440820512,0.8564858021312193,0.8693298418538422,0.8736356575640564,0.8707079700918611,0.007664807558769778,34,0.9786899129409719,0.980734582130619,0.9781593212156893,0.9827924617034668,0.975544998554755,0.9791842553091004,0.002447926495411123
0.82842116355896,0.10392666201378173,0.20730142593383788,0.05638305875655017,20,log2,1,10,200,"{'max_depth': 20, 'max_features': 'log2', 'min_samples_leaf': 1, 'min_samples_split': 10, 'n_estimators': 200}",0.8682537320347312,0.8755187850663311,0.8497579150934448,0.8772350026285559,0.8761262478131111,0.869378336527235,0.010307204176837488,84,0.9817961979447015,0.9796878375974479,0.9807702178457051,0.9827987981014277,0.9781422118689032,0.9806390526716371,0.0016223263493469293
1.3648269176483154,0.08719262034472602,0.17733149528503417,0.023200842361068997,20,log2,1,10,300,"{'max_depth': 20, 'max_features': 'log2', 'min_samples_leaf': 1, 'min_samples_split': 10, 'n_estimators': 300}",0.8724040750675047,0.8820907869883382,0.8499475524475525,0.8751949901297477,0.8761178907586732,0.8711510590783632,0.011062180477148676,23,0.9802320731041625,0.980205793427668,0.9781768590161228,0.9833091056643013,0.978151973433701,0.9800151609291913,0.0018859631558451916
0.5830368041992188,0.09833788343574723,0.15910844802856444,0.07584283714042216,20,log2,2,2,100,"{'max_depth': 20, 'max_features': 'log2', 'min_samples_leaf': 2, 'min_samples_split': 2, 'n_estimators': 100}",0.8723030775509683,0.8740194118678684,0.8495558697105702,0.8734921072042082,0.86984111410942,0.8678423160886071,0.009255964124876503,124,0.993231630161884,0.9932279087186444,0.9916715724751438,0.9932262596560987,0.9916732203094881,0.9926061182642518,0.0007623828795397606
0.8170705318450928,0.042095996777010314,0.15109329223632811,0.016159053979418248,20,log2,2,2,200,"{'max_depth': 20, 'max_features': 'log2', 'min_samples_leaf': 2, 'min_samples_split': 2, 'n_estimators': 200}",0.878303733720163,0.8777925402242064,0.8457629395163379,0.865201955754674,0.8720077275158736,0.8678137793462509,0.01200220956618949,126,0.9916739992488363,0.9927054179097159,0.9921944634442924,0.9921812718642855,0.9901139948194476,0.9917738294573155,0.0008917192838819145
1.3449571132659912,0.09102179269478773,0.23380541801452637,0.09314722801595558,20,log2,2,2,300,"{'max_depth': 20, 'max_features': 'log2', 'min_samples_leaf': 2, 'min_samples_split': 2, 'n_estimators': 300}",0.8805905502184689,0.8776320016788767,0.8479790632004364,0.8715183146983462,0.8720094293506226,0.8699458718293501,0.011503541173314692,61,0.9906315652102468,0.9921887380111234,0.9921944634442924,0.9921812718642855,0.9906364452348461,0.9915664967529587,0.0007613892043094949
0.562113618850708,0.05700870799847312,0.16299161911010743,0.05706277975415121,20,log2,2,5,100,"{'max_depth': 20, 'max_features': 'log2', 'min_samples_leaf': 2, 'min_samples_split': 5, 'n_estimators': 100}",0.872136875527588,0.8835832874701889,0.8497666482129855,0.8756464011180992,0.8680399923609227,0.8698346409379569,0.011260969918173044,63,0.9864743262514543,0.9901029145238401,0.9895903083228764,0.9895783432707302,0.9854337917251745,0.9882359368188152,0.0019014348224995021
0.8667046070098877,0.059950543933081614,0.17520804405212403,0.02381987734816243,20,log2,2,5,200,"{'max_depth': 20, 'max_features': 'log2', 'min_samples_leaf': 2, 'min_samples_split': 5, 'n_estimators': 200}",0.8642526195569863,0.8795789962748686,0.8437723352399903,0.8671748135672424,0.874443134756824,0.8658443798791824,0.012280530788679687,161,0.9890723190083398,0.9906258276863925,0.9895894862667106,0.9906195962664051,0.9854390054747694,0.9890692469405234,0.0019118492693967544
1.3810804843902589,0.17519420482393203,0.20622878074645995,0.016901610742649845,20,log2,2,5,300,"{'max_depth': 20, 'max_features': 'log2', 'min_samples_leaf': 2, 'min_samples_split': 5, 'n_estimators': 300}",0.8662224953405333,0.8818920117719905,0.8437723352399903,0.8693756808554391,0.8786978700965219,0.867992078660895,0.013412411135146268,117,0.9869910319388038,0.9901016774341684,0.9890710871728778,0.9906195962664051,0.9875199505750742,0.9888606686774659,0.0014121806899395654
0.5846494197845459,0.034117408264238425,0.19555287361145018,0.08674084686006683,20,log2,2,10,100,"{'max_depth': 20, 'max_features': 'log2', 'min_samples_leaf': 2, 'min_samples_split': 10, 'n_estimators': 100}",0.8706704745980028,0.8818920117719905,0.8457629395163379,0.8689272455358451,0.872156068465026,0.8678817479774406,0.011938752499916239,122,0.9729552021359259,0.9729578319207526,0.9698501716261194,0.9702572661739007,0.9672219495777857,0.9706484842868969,0.00215339399822983
0.9025045871734619,0.12573436352567127,0.16045899391174318,0.04704531707036224,20,log2,2,10,200,"{'max_depth': 20, 'max_features': 'log2', 'min_samples_leaf': 2, 'min_samples_split': 10, 'n_estimators': 200}",0.8746353853361758,0.881710820444644,0.8519572981941702,0.8710687597049689,0.8660685236661484,0.8690881574692215,0.00996604907294296,92,0.9713755335542944,0.9724114750563532,0.9698962124440489,0.9702555869860485,0.96875,0.970537761608149,0.001256977592052938
1.47911639213562,0.08526914214385004,0.26921696662902833,0.10804836552779294,20,log2,2,10,300,"{'max_depth': 20, 'max_features': 'log2', 'min_samples_leaf': 2, 'min_samples_split': 10, 'n_estimators': 300}",0.8724830177549637,0.8795789962748686,0.8436011906488922,0.8712970690993788,0.8703362323272378,0.8674593012210682,0.012363974854080424,136,0.9708650555859506,0.9718766724059653,0.9698731210260054,0.970257654579663,0.9677500621590395,0.9701245131513249,0.0013665582538978137
0.523699951171875,0.12508714034060384,0.20665550231933594,0.07407795868864799,20,log2,4,2,100,"{'max_depth': 20, 'max_features': 'log2', 'min_samples_leaf': 4, 'min_samples_split': 2, 'n_estimators': 100}",0.8703502141184387,0.8799409630016445,0.8502123121898324,0.8735494059562043,0.8738301268061197,0.8695766044144481,0.010167298747307905,75,0.9630543828859476,0.9626017522665893,0.9641422057511018,0.9635165212384285,0.9589423728567662,0.9624514469997667,0.0018271712008583682
0.9342567443847656,0.103494558623633,0.1527679443359375,0.04350789477646132,20,log2,4,2,200,"{'max_depth': 20, 'max_features': 'log2', 'min_samples_leaf': 4, 'min_samples_split': 2, 'n_estimators': 200}",0.8742984399234399,0.879990214277293,0.8521857911608827,0.8776591782563545,0.8699992725255931,0.8708265792287125,0.009908318218855041,28,0.962017785113574,0.9610511447430075,0.9662316720305035,0.9650824689715091,0.9625738111192862,0.963391376395576,0.001947250552591247
1.4021341800689697,0.06219803653532527,0.23040518760681153,0.04268456699264293,20,log2,4,2,300,"{'max_depth': 20, 'max_features': 'log2', 'min_samples_leaf': 4, 'min_samples_split': 2, 'n_estimators': 300}",0.8680683990424536,0.8778127566649149,0.8460424720803493,0.875463897515528,0.8698741406371255,0.8674523331880742,0.011279631010823753,137,0.9641111385448572,0.9636240826167501,0.9672820986141323,0.9634976145287981,0.9631160427380766,0.9643261954085229,0.0015117930644070478
0.5794813156127929,0.11358189293286437,0.19661178588867187,0.02789928570522199,20,log2,4,5,100,"{'max_depth': 20, 'max_features': 'log2', 'min_samples_leaf': 4, 'min_samples_split': 5, 'n_estimators': 100}",0.8703502141184387,0.8799409630016445,0.8502123121898324,0.8735494059562043,0.8738301268061197,0.8695766044144481,0.010167298747307905,75,0.9630543828859476,0.9626017522665893,0.9641422057511018,0.9635165212384285,0.9589423728567662,0.9624514469997667,0.0018271712008583682
1.0154088497161866,0.11215803460223596,0.19304041862487792,0.022880959167061534,20,log2,4,5,200,"{'max_depth': 20, 'max_features': 'log2', 'min_samples_leaf': 4, 'min_samples_split': 5, 'n_estimators': 200}",0.8742984399234399,0.879990214277293,0.8521857911608827,0.8776591782563545,0.8699992725255931,0.8708265792287125,0.009908318218855041,28,0.962017785113574,0.9610511447430075,0.9662316720305035,0.9650824689715091,0.9625738111192862,0.963391376395576,0.001947250552591247
1.3015104293823243,0.1524488115820538,0.22573652267456054,0.04201203606432938,20,log2,4,5,300,"{'max_depth': 20, 'max_features': 'log2', 'min_samples_leaf': 4, 'min_samples_split': 5, 'n_estimators': 300}",0.8680683990424536,0.8778127566649149,0.8460424720803493,0.875463897515528,0.8698741406371255,0.8674523331880742,0.011279631010823753,137,0.9641111385448572,0.9636240826167501,0.9672820986141323,0.9634976145287981,0.9631160427380766,0.9643261954085229,0.0015117930644070478
0.48382415771484377,0.13221742236474845,0.20766620635986327,0.06428980442165601,20,log2,4,10,100,"{'max_depth': 20, 'max_features': 'log2', 'min_samples_leaf': 4, 'min_samples_split': 10, 'n_estimators': 100}",0.8722724907542525,0.8816741616796562,0.8598711570836923,0.8754825103681925,0.8741296232362512,0.8726859886244089,0.00714258717178313,6,0.9631226093192138,0.9568491858727789,0.9615726563837411,0.9614322976292612,0.9563840675145227,0.9598721633439034,0.0027275006841856724
0.9395468711853028,0.056099817360335535,0.15799365043640137,0.04089075582270766,20,log2,4,10,200,"{'max_depth': 20, 'max_features': 'log2', 'min_samples_leaf': 4, 'min_samples_split': 10, 'n_estimators': 200}",0.8743358167480029,0.8817668173840049,0.8540979720107711,0.8734195619632724,0.8761198936628845,0.871948012353787,0.00938407730364725,17,0.9625760308883626,0.9605090485768994,0.9600108057819674,0.9598560543710912,0.9558420740507396,0.959758802733812,0.002186932568411644
1.427196979522705,0.03392229587319138,0.229351806640625,0.044684566630031376,20,log2,4,10,300,"{'max_depth': 20, 'max_features': 'log2', 'min_samples_leaf': 4, 'min_samples_split': 10, 'n_estimators': 300}",0.8725101126667704,0.8797359184096296,0.8519091749984218,0.8773874202620212,0.8782537786580079,0.8719592809989702,0.010313793213120516,15,0.9610142483843848,0.9615335855215911,0.960568325630526,0.9582838529632,0.9563529990490374,0.9595506023097478,0.001946256073994045
0.5784103870391846,0.13388076964854537,0.18176512718200682,0.03068998938012413,,sqrt,1,2,100,"{'max_depth': None, 'max_features': 'sqrt', 'min_samples_leaf': 1, 'min_samples_split': 2, 'n_estimators': 100}",0.8700362086364954,0.881710820444644,0.8438278586496467,0.8632821473570089,0.8717899167400509,0.8661293903655691,0.012613888066519656,158,1.0,1.0,1.0,1.0,1.0,1.0,0.0
1.0143107891082763,0.08124915592839559,0.23372678756713866,0.05876612014994649,,sqrt,1,2,200,"{'max_depth': None, 'max_features': 'sqrt', 'min_samples_leaf': 1, 'min_samples_split': 2, 'n_estimators': 200}",0.8784350108788426,0.8859216810388685,0.8521560839994395,0.8735494059562043,0.8784082251831978,0.8736940814113104,0.011472750497339899,3,1.0,1.0,1.0,1.0,1.0,1.0,0.0
1.4253748416900636,0.12004119618781696,0.2339993953704834,0.03862640946893665,,sqrt,1,2,300,"{'max_depth': None, 'max_features': 'sqrt', 'min_samples_leaf': 1, 'min_samples_split': 2, 'n_estimators': 300}",0.8763154517916474,0.8756073556540059,0.8565157178020627,0.8798531038900538,0.8803872053872053,0.8737357669049949,0.008813071602326198,2,1.0,1.0,1.0,1.0,1.0,1.0,0.0
0.5829043865203858,0.15887114259512608,0.18848485946655275,0.10309005455824832,,sqrt,1,5,100,"{'max_depth': None, 'max_features': 'sqrt', 'min_samples_leaf': 1, 'min_samples_split': 5, 'n_estimators': 100}",0.8719878925007627,0.8716684775928717,0.8539021742925258,0.8732671339563863,0.8678599263647737,0.8677371209414642,0.007148797071760833,127,0.9947920762676614,0.996352899743812,0.9963566354851738,0.9963525183637072,0.9947916745646338,0.9957291608849976,0.0007652917437215681
1.0607381820678712,0.11506789242170856,0.24354052543640137,0.12219383540759596,,sqrt,1,5,200,"{'max_depth': None, 'max_features': 'sqrt', 'min_samples_leaf': 1, 'min_samples_split': 5, 'n_estimators': 200}",0.8720727538160181,0.875323787375685,0.849717846855233,0.8794346506221984,0.8720094293506226,0.8697116936039515,0.010359918845041035,68,0.9968762227407159,0.9968733133211585,0.9963558118445287,0.9973950089799519,0.995831680097605,0.9966664073967919,0.0005312122114862741
1.3995965480804444,0.04907840573175528,0.20979781150817872,0.06283760299818666,,sqrt,1,5,300,"{'max_depth': None, 'max_features': 'sqrt', 'min_samples_leaf': 1, 'min_samples_split': 5, 'n_estimators': 300}",0.8720242427907522,0.8776320016788767,0.847750990714992,0.8756342202986389,0.8739904418426808,0.8694063794651881,0.01098425746642275,83,0.9973966456509593,0.9968724970314499,0.9958349797983124,0.9973950089799519,0.9963520899262132,0.9967702442773773,0.000607081205000141
0.6827236652374268,0.17365267173963364,0.1713085174560547,0.06830467898775763,,sqrt,1,10,100,"{'max_depth': None, 'max_features': 'sqrt', 'min_samples_leaf': 1, 'min_samples_split': 10, 'n_estimators': 100}",0.8663505343541923,0.877967570392721,0.8436011906488922,0.8690977968807804,0.8739437264009225,0.8661921637355017,0.011979705972406449,156,0.9776082866316259,0.979704679442235,0.9771536240752712,0.977062962728278,0.9750319001942186,0.9773122906143257,0.0014898763626325438
0.9166792392730713,0.07248708774126282,0.2986722469329834,0.08199211293777384,,sqrt,1,10,200,"{'max_depth': None, 'max_features': 'sqrt', 'min_samples_leaf': 1, 'min_samples_split': 10, 'n_estimators': 200}",0.8744696426422581,0.8822548199769982,0.847696127385115,0.8712411295978233,0.875944517556592,0.8703212474317572,0.011865772151329317,43,0.9812643635047418,0.9817687631061617,0.97764321131741,0.9822669776270189,0.9760715294909245,0.9798029690092515,0.002476269490089035
1.3195305824279786,0.1222273175526725,0.285311222076416,0.06974370457818692,,sqrt,1,10,300,"{'max_depth': None, 'max_features': 'sqrt', 'min_samples_leaf': 1, 'min_samples_split': 10, 'n_estimators': 300}",0.8743358167480029,0.8796343269886215,0.8479790632004364,0.8628685296761931,0.871983442302314,0.8673602357831136,0.011103975483298728,146,0.9802231066173713,0.9802248460002729,0.9781677455846285,0.9812163872385183,0.9765951182899786,0.9792854407461539,0.001671964788276681
0.530966854095459,0.050238647841956155,0.1985334873199463,0.05180821323624921,,sqrt,2,2,100,"{'max_depth': None, 'max_features': 'sqrt', 'min_samples_leaf': 2, 'min_samples_split': 2, 'n_estimators': 100}",0.8723425296434731,0.8856167733074417,0.8391676822684481,0.8730619268287934,0.8823779340797646,0.8705133692255842,0.016500144111764262,39,0.993752477437589,0.9927054223188948,0.9911564270323763,0.9932274923471497,0.9911495098039216,0.9923982657879863,0.0010693368052670622
0.9463698863983154,0.1519432965439922,0.3916162967681885,0.082500481172196,,sqrt,2,2,200,"{'max_depth': None, 'max_features': 'sqrt', 'min_samples_leaf': 2, 'min_samples_split': 2, 'n_estimators': 200}",0.8724830177549637,0.8836970197373595,0.8391827512942515,0.877433800623053,0.8802434096004247,0.8706079998020104,0.016135780475689372,35,0.9927116167161202,0.9942695940264149,0.9942769833107391,0.9927041524895589,0.9895915348940789,0.9927107762873824,0.0017095396242409943
1.3474400043487549,0.07689677555439454,0.18044533729553222,0.02179131887295424,,sqrt,2,2,300,"{'max_depth': None, 'max_features': 'sqrt', 'min_samples_leaf': 2, 'min_samples_split': 2, 'n_estimators': 300}",0.8702366226171632,0.8835469917689934,0.8394383024751657,0.8752353454968945,0.8800932824988872,0.8697101089714208,0.015788966665893838,69,0.9911536060778758,0.994267099954283,0.9942757447940416,0.993745051136612,0.9906287050864352,0.9928140414098495,0.0015904386417800976
0.6932548999786377,0.170349349028868,0.12060327529907226,0.04060761462394663,,sqrt,2,5,100,"{'max_depth': None, 'max_features': 'sqrt', 'min_samples_leaf': 2, 'min_samples_split': 5, 'n_estimators': 100}",0.8724830177549637,0.8735289973918544,0.8432975436792763,0.8756342202986389,0.8736624212530965,0.8677212400755661,0.012254259726038368,128,0.9864540082383831,0.9895791706470407,0.9885416666666667,0.9885462095956989,0.9869852572948383,0.9880212624885255,0.0011404438127554438
0.7402532577514649,0.06447250425051845,0.37220287322998047,0.06572488556100264,,sqrt,2,5,200,"{'max_depth': None, 'max_features': 'sqrt', 'min_samples_leaf': 2, 'min_samples_split': 5, 'n_estimators': 200}",0.8744665019755293,0.8838912692491175,0.8436158617749802,0.8732671339563863,0.8738301268061197,0.8698141787524266,0.013669024391561528,64,0.9880216051309005,0.990094547653819,0.9906319867577383,0.9906208314410772,0.9890640869761103,0.9896866115919292,0.0010092270481738528
1.3161336421966552,0.14068566070109423,0.23397250175476075,0.13269095082814905,,sqrt,2,5,300,"{'max_depth': None, 'max_features': 'sqrt', 'min_samples_leaf': 2, 'min_samples_split': 5, 'n_estimators': 300}",0.8724873709114835,0.8755570495879643,0.8440317165604238,0.8733188342903738,0.8781067430482364,0.8687003428796963,0.012487657584333985,103,0.9890723190083398,0.9906166898334702,0.9890743848029738,0.9921812718642855,0.9880281862745098,0.9897945703567158,0.0014513890924362487
0.7091039657592774,0.0745769594943603,0.23402190208435059,0.07428682809388552,,sqrt,2,10,100,"{'max_depth': None, 'max_features': 'sqrt', 'min_samples_leaf': 2, 'min_samples_split': 10, 'n_estimators': 100}",0.8658992792431316,0.8857248308680198,0.8474897787397787,0.8733367124251701,0.8780729656456318,0.8701047133843464,0.013015743370221206,53,0.9698164445544104,0.9708677862736228,0.9719407632714919,0.9697402661465494,0.9667567056091196,0.9698243931710389,0.0017312157048109933
1.0228673934936523,0.1949682983881683,0.2987999439239502,0.06998295403512653,,sqrt,2,10,200,"{'max_depth': None, 'max_features': 'sqrt', 'min_samples_leaf': 2, 'min_samples_split': 10, 'n_estimators': 200}",0.865942996317179,0.8880466200886055,0.849717846855233,0.8692025369968213,0.8779293425757625,0.8701678685667202,0.012781823291998985,50,0.9724334447760472,0.9698155481342271,0.9698503239625748,0.9697411504248642,0.9672318883243295,0.9698144711244086,0.0016453218176501582
1.5191410541534425,0.1717928801495783,0.20426135063171386,0.049649442400530194,,sqrt,2,10,300,"{'max_depth': None, 'max_features': 'sqrt', 'min_samples_leaf': 2, 'min_samples_split': 10, 'n_estimators': 300}",0.8660866567116567,0.8837401514776905,0.8457629395163379,0.8735494059562043,0.8716549227424489,0.8681588152808676,0.012569235181876259,113,0.9724334447760472,0.9692890157632019,0.9714262458527763,0.9697286171338926,0.969303202459838,0.9704361051971512,0.0012703988391595201
0.5696314334869385,0.2084470773349534,0.2633196353912354,0.044375604788349246,,sqrt,4,2,100,"{'max_depth': None, 'max_features': 'sqrt', 'min_samples_leaf': 4, 'min_samples_split': 2, 'n_estimators': 100}",0.8741035163442653,0.8776448147439745,0.8462648586916874,0.8735994925213676,0.8737570185038487,0.8690739401610287,0.011501500529111603,93,0.9677537580185157,0.9635988272185894,0.9631560493775451,0.9634976612125684,0.9594232565890312,0.9634859104832498,0.0026397490739197616
0.8856134414672852,0.0487134817373779,0.1990152359008789,0.02782295254418698,,sqrt,4,2,200,"{'max_depth': None, 'max_features': 'sqrt', 'min_samples_leaf': 4, 'min_samples_split': 2, 'n_estimators': 200}",0.8764536021357988,0.879990214277293,0.8460197859299103,0.8756857092941999,0.8822093596800565,0.8720717342634519,0.013239632686476488,11,0.9646125983526223,0.96309997226063,0.9647184654854721,0.9634976051100139,0.9620322351522259,0.9635921752721928,0.0009994411844276012
1.479527521133423,0.0651778127639962,0.2032472610473633,0.03584647194409051,,sqrt,4,2,300,"{'max_depth': None, 'max_features': 'sqrt', 'min_samples_leaf': 4, 'min_samples_split': 2, 'n_estimators': 300}",0.8743358167480029,0.8798183144570918,0.8436011906488922,0.8776591782563545,0.8757770636981268,0.8702383127616937,0.013445067887367745,46,0.964123474307024,0.9635989209860379,0.9652312395253474,0.9629537314201237,0.9615638123681421,0.9634942357213351,0.0012200624278863458
0.7717010498046875,0.11673451885380917,0.18207159042358398,0.08160498255136252,,sqrt,4,5,100,"{'max_depth': None, 'max_features': 'sqrt', 'min_samples_leaf': 4, 'min_samples_split': 5, 'n_estimators': 100}",0.8741035163442653,0.8776448147439745,0.8462648586916874,0.8735994925213676,0.8737570185038487,0.8690739401610287,0.011501500529111603,93,0.9677537580185157,0.9635988272185894,0.9631560493775451,0.9634976612125684,0.9594232565890312,0.9634859104832498,0.0026397490739197616
0.9064918041229248,0.03987289470883383,0.1884530544281006,0.04695464656450848,,sqrt,4,5,200,"{'max_depth': None, 'max_features': 'sqrt', 'min_samples_leaf': 4, 'min_samples_split': 5, 'n_estimators': 200}",0.8764536021357988,0.879990214277293,0.8460197859299103,0.8756857092941999,0.8822093596800565,0.8720717342634519,0.013239632686476488,11,0.9646125983526223,0.96309997226063,0.9647184654854721,0.9634976051100139,0.9620322351522259,0.9635921752721928,0.0009994411844276012
1.5339093685150147,0.17968517737483006,0.2687065124511719,0.06283468567228276,,sqrt,4,5,300,"{'max_depth': None, 'max_features': 'sqrt', 'min_samples_leaf': 4, 'min_samples_split': 5, 'n_estimators': 300}",0.8743358167480029,0.8798183144570918,0.8436011906488922,0.8776591782563545,0.8757770636981268,0.8702383127616937,0.013445067887367745,46,0.964123474307024,0.9635989209860379,0.9652312395253474,0.9629537314201237,0.9615638123681421,0.9634942357213351,0.0012200624278863458
0.5996354579925537,0.05808271264648478,0.16858282089233398,0.04858758955790759,,sqrt,4,10,100,"{'max_depth': None, 'max_features': 'sqrt', 'min_samples_leaf': 4, 'min_samples_split': 10, 'n_estimators': 100}",0.8806805173992674,0.8795381060417401,0.8519572981941702,0.8669413031377259,0.8738202442162326,0.8705874937978273,0.010514867139323675,36,0.9578920998852093,0.9589590288043399,0.9610797592887329,0.9573099053755851,0.9584306885650579,0.958734296383785,0.0012947635531927206
0.9960536003112793,0.15860122420124345,0.21985082626342772,0.06470707100866574,,sqrt,4,10,200,"{'max_depth': None, 'max_features': 'sqrt', 'min_samples_leaf': 4, 'min_samples_split': 10, 'n_estimators': 200}",0.8746013322941614,0.8797150251899564,0.8458108829668464,0.8715183146983462,0.878139769575942,0.8699570649450503,0.012403380727400973,57,0.9599580996405829,0.9610208878007565,0.9600560172085502,0.9578042126192414,0.9578881441117528,0.9593454722761766,0.0012795694805256186
1.5692368507385255,0.09915990807237138,0.24869437217712403,0.019865960818889576,,sqrt,4,10,300,"{'max_depth': None, 'max_features': 'sqrt', 'min_samples_leaf': 4, 'min_samples_split': 10, 'n_estimators': 300}",0.8704733442072075,0.873558888078312,0.8457629395163379,0.8733188342903738,0.8741266093119208,0.8674481230808304,0.010916116767315966,141,0.9578930999582449,0.9589440483217954,0.9600712486784353,0.9572916666666667,0.9568493203424846,0.9582098767935253,0.0011660432568099948
0.656165361404419,0.07069789111342453,0.15636029243469238,0.025580320539549048,,log2,1,2,100,"{'max_depth': None, 'max_features': 'log2', 'min_samples_leaf': 1, 'min_samples_split': 2, 'n_estimators': 100}",0.8683884907792675,0.8777360924355893,0.8450341746294677,0.8837715126811595,0.8676977708699748,0.8685256082790918,0.013189557917788296,105,1.0,1.0,1.0,1.0,1.0,1.0,0.0
1.0716012954711913,0.03493634572273815,0.25787878036499023,0.07661074394243707,,log2,1,2,200,"{'max_depth': None, 'max_features': 'log2', 'min_samples_leaf': 1, 'min_samples_split': 2, 'n_estimators': 200}",0.8662784738621281,0.8777025211496468,0.8514527046774245,0.8732671339563863,0.869714621621649,0.867683091053447,0.008956517430487866,130,1.0,1.0,1.0,1.0,1.0,1.0,0.0
1.5081910610198974,0.14733895882293077,0.23327040672302246,0.041340686173649034,,log2,1,2,300,"{'max_depth': None, 'max_features': 'log2', 'min_samples_leaf': 1, 'min_samples_split': 2, 'n_estimators': 300}",0.8704315423263813,0.881858440486048,0.8453270886092139,0.875463897515528,0.87380065212846,0.8693763242131263,0.01258503612441602,85,1.0,1.0,1.0,1.0,1.0,1.0,0.0
0.7968293190002441,0.11125198318444378,0.15223793983459472,0.06763849891496473,,log2,1,5,100,"{'max_depth': None, 'max_features': 'log2', 'min_samples_leaf': 1, 'min_samples_split': 5, 'n_estimators': 100}",0.862288357419527,0.8843656475944859,0.8455537271092415,0.8698825142183852,0.8742890317961972,0.8672758556275675,0.012998202215658497,147,0.9947949372056516,0.9953083105359741,0.9953149691593854,0.9968741479760591,0.9942737020266713,0.9953132133807483,0.0008701422849639552
1.0300853729248047,0.09072807583225226,0.2892304420471191,0.058135312796548065,,log2,1,5,200,"{'max_depth': None, 'max_features': 'log2', 'min_samples_leaf': 1, 'min_samples_split': 5, 'n_estimators': 200}",0.8726176804309559,0.882392893804505,0.8413688383471905,0.8657058427464069,0.8721379892799249,0.8668446489217967,0.013808758581593967,153,0.9963557962971241,0.9963508158074597,0.9958349797983124,0.9979162575549094,0.9942716560958346,0.996145901110728,0.0011687321677810304
1.5218987464904785,0.2051010373167332,0.24799666404724122,0.0941880769964044,,log2,1,5,300,"{'max_depth': None, 'max_features': 'log2', 'min_samples_leaf': 1, 'min_samples_split': 5, 'n_estimators': 300}",0.8724830177549637,0.8822342613207929,0.8414082648584985,0.8632821473570089,0.8785564685564686,0.8675928319695465,0.014578753405523236,134,0.9968762227407159,0.9963516799936168,0.9958358015211349,0.9973950089799519,0.9958308587369883,0.9964579143944816,0.0006073939590335329
0.6315634727478028,0.11555938723150808,0.19226016998291015,0.05441810914766323,,log2,1,10,100,"{'max_depth': None, 'max_features': 'log2', 'min_samples_leaf': 1, 'min_samples_split': 10, 'n_estimators': 100}",0.8764492048281357,0.8776393440820512,0.8586607100110701,0.8693298418538422,0.8716531639299717,0.8707464529410143,0.006766497193182639,33,0.9786899129409719,0.9817820095756569,0.9786837387496821,0.9822733513856231,0.9760605668255603,0.9794979158954987,0.0022825971141434997
0.8942043304443359,0.04154047438011571,0.35016641616821287,0.0420843911066058,,log2,1,10,200,"{'max_depth': None, 'max_features': 'log2', 'min_samples_leaf': 1, 'min_samples_split': 10, 'n_estimators': 200}",0.8682537320347312,0.8776594933970521,0.8497579150934448,0.8772350026285559,0.8741434000658348,0.8694099086439238,0.010384905202922077,82,0.9817961979447015,0.9802123448346821,0.981286631125015,0.983322559838083,0.9781422118689032,0.9809519891222769,0.0017254681225824975
1.497660255432129,0.11884213880064681,0.2197861671447754,0.021066576041505504,,log2,1,10,300,"{'max_depth': None, 'max_features': 'log2', 'min_samples_leaf': 1, 'min_samples_split': 10, 'n_estimators': 300}",0.8724040750675047,0.8820907869883382,0.8499475524475525,0.8751949901297477,0.8761178907586732,0.8711510590783632,0.011062180477148676,23,0.9802320731041625,0.9807303199719871,0.978692474922084,0.9833091056643013,0.978151973433701,0.9802231894192472,0.0018118036272994143
0.7246623992919922,0.11481970060535454,0.23114633560180664,0.058351926008139265,,log2,2,2,100,"{'max_depth': None, 'max_features': 'log2', 'min_samples_leaf': 2, 'min_samples_split': 2, 'n_estimators': 100}",0.8723030775509683,0.8740194118678684,0.8495558697105702,0.8734921072042082,0.86984111410942,0.8678423160886071,0.009255964124876503,124,0.993231630161884,0.9932279087186444,0.9916715724751438,0.9932262596560987,0.9921924295779306,0.9927099601179403,0.0006562106913754521
0.8488144874572754,0.08387317142850861,0.19919462203979493,0.051055799768871986,,log2,2,2,200,"{'max_depth': None, 'max_features': 'log2', 'min_samples_leaf': 2, 'min_samples_split': 2, 'n_estimators': 200}",0.878303733720163,0.8777925402242064,0.8438278586496467,0.865201955754674,0.8720077275158736,0.8674267631729127,0.01271692666661903,144,0.9916739992488363,0.9932279087186444,0.9916720000414514,0.9921812718642855,0.9901139948194476,0.991773834938533,0.0010055587639318123
1.4635085582733154,0.14846398744667597,0.2575078010559082,0.08816746991573862,,log2,2,2,300,"{'max_depth': None, 'max_features': 'log2', 'min_samples_leaf': 2, 'min_samples_split': 2, 'n_estimators': 300}",0.8805905502184689,0.8756831800583122,0.8501642626639376,0.8715183146983462,0.8720094293506226,0.8699931473979374,0.010433193338742942,56,0.9906315652102468,0.9921887380111234,0.9921944634442924,0.9921812718642855,0.9901180265046958,0.9914628130069287,0.0009030931557708027
0.678473424911499,0.12121828364350211,0.13332653045654297,0.05321994353106148,,log2,2,5,100,"{'max_depth': None, 'max_features': 'log2', 'min_samples_leaf': 2, 'min_samples_split': 5, 'n_estimators': 100}",0.872136875527588,0.8815573451602864,0.8497666482129855,0.8756464011180992,0.8680399923609227,0.8694294524759764,0.010785386797489901,81,0.9864743262514543,0.990625,0.9895903083228764,0.9895783432707302,0.9854337917251745,0.9883403539140471,0.0020122015010837152
1.0461357593536378,0.1500298359970637,0.20106215476989747,0.024372891948970007,,log2,2,5,200,"{'max_depth': None, 'max_features': 'log2', 'min_samples_leaf': 2, 'min_samples_split': 5, 'n_estimators': 200}",0.8642526195569863,0.8797359184096296,0.8437723352399903,0.8671748135672424,0.874443134756824,0.8658757643061346,0.012315741248934399,160,0.9890723190083398,0.9911445843994838,0.9895894862667106,0.9906195962664051,0.985961837126273,0.9892775646134424,0.0018121965392520597
1.5409399032592774,0.11405688564392479,0.2711907386779785,0.07739903484634011,,log2,2,5,300,"{'max_depth': None, 'max_features': 'log2', 'min_samples_leaf': 2, 'min_samples_split': 5, 'n_estimators': 300}",0.8662224953405333,0.8818920117719905,0.8437723352399903,0.8693756808554391,0.8786978700965219,0.867992078660895,0.013412411135146268,117,0.9869910319388038,0.9901016774341684,0.9890710871728778,0.9906195962664051,0.9875199505750742,0.9888606686774659,0.0014121806899395654
0.5590057373046875,0.11855629691676531,0.17047762870788574,0.04553750408589764,,log2,2,10,100,"{'max_depth': None, 'max_features': 'log2', 'min_samples_leaf': 2, 'min_samples_split': 10, 'n_estimators': 100}",0.8706704745980028,0.8818920117719905,0.8457629395163379,0.8689272455358451,0.872156068465026,0.8678817479774406,0.011938752499916239,122,0.9729552021359259,0.9729578319207526,0.9698501716261194,0.9702572661739007,0.9672219495777857,0.9706484842868969,0.00215339399822983
0.988902473449707,0.14556448971351563,0.21418066024780275,0.043592623267783244,,log2,2,10,200,"{'max_depth': None, 'max_features': 'log2', 'min_samples_leaf': 2, 'min_samples_split': 10, 'n_estimators': 200}",0.8746353853361758,0.881710820444644,0.8519572981941702,0.8710687597049689,0.868199032246436,0.8695142591852789,0.0098729449772247,80,0.9713755335542944,0.9724114750563532,0.9698962124440489,0.9702555869860485,0.96875,0.970537761608149,0.001256977592052938
1.52804594039917,0.18356156402865814,0.19851479530334473,0.035664937592987354,,log2,2,10,300,"{'max_depth': None, 'max_features': 'log2', 'min_samples_leaf': 2, 'min_samples_split': 10, 'n_estimators': 300}",0.8724830177549637,0.8795789962748686,0.8436011906488922,0.8712970690993788,0.8682075435499962,0.8670335634656199,0.012294033038614689,151,0.9708650555859506,0.9718766724059653,0.9698731210260054,0.970257654579663,0.9677500621590395,0.9701245131513249,0.0013665582538978137
0.6716228485107422,0.09387486078081701,0.2024869441986084,0.07904226397365678,,log2,4,2,100,"{'max_depth': None, 'max_features': 'log2', 'min_samples_leaf': 4, 'min_samples_split': 2, 'n_estimators': 100}",0.8703502141184387,0.8799409630016445,0.8502123121898324,0.8735494059562043,0.8738301268061197,0.8695766044144481,0.010167298747307905,75,0.9630543828859476,0.9626017522665893,0.9641422057511018,0.9635165212384285,0.9589423728567662,0.9624514469997667,0.0018271712008583682
0.9296036243438721,0.015779827016995335,0.27914791107177733,0.05127051930153127,,log2,4,2,200,"{'max_depth': None, 'max_features': 'log2', 'min_samples_leaf': 4, 'min_samples_split': 2, 'n_estimators': 200}",0.8742984399234399,0.879990214277293,0.8521857911608827,0.8776591782563545,0.8699992725255931,0.8708265792287125,0.009908318218855041,28,0.962017785113574,0.9610511447430075,0.9662316720305035,0.9650824689715091,0.9625738111192862,0.963391376395576,0.001947250552591247
1.4245530605316161,0.18692420610279073,0.23720526695251465,0.06158279522231634,,log2,4,2,300,"{'max_depth': None, 'max_features': 'log2', 'min_samples_leaf': 4, 'min_samples_split': 2, 'n_estimators': 300}",0.8680683990424536,0.8778127566649149,0.8460424720803493,0.875463897515528,0.8698741406371255,0.8674523331880742,0.011279631010823753,137,0.9641111385448572,0.9636240826167501,0.9672820986141323,0.9634976145287981,0.9631160427380766,0.9643261954085229,0.0015117930644070478
0.6362356185913086,0.0654632028014052,0.20764026641845704,0.03753949226282783,,log2,4,5,100,"{'max_depth': None, 'max_features': 'log2', 'min_samples_leaf': 4, 'min_samples_split': 5, 'n_estimators': 100}",0.8703502141184387,0.8799409630016445,0.8502123121898324,0.8735494059562043,0.8738301268061197,0.8695766044144481,0.010167298747307905,75,0.9630543828859476,0.9626017522665893,0.9641422057511018,0.9635165212384285,0.9589423728567662,0.9624514469997667,0.0018271712008583682
0.9052494525909424,0.0853597302015373,0.19580860137939454,0.09290740020153253,,log2,4,5,200,"{'max_depth': None, 'max_features': 'log2', 'min_samples_leaf': 4, 'min_samples_split': 5, 'n_estimators': 200}",0.8742984399234399,0.879990214277293,0.8521857911608827,0.8776591782563545,0.8699992725255931,0.8708265792287125,0.009908318218855041,28,0.962017785113574,0.9610511447430075,0.9662316720305035,0.9650824689715091,0.9625738111192862,0.963391376395576,0.001947250552591247
1.4678168773651123,0.13313316573813597,0.22588295936584474,0.024171260478856073,,log2,4,5,300,"{'max_depth': None, 'max_features': 'log2', 'min_samples_leaf': 4, 'min_samples_split': 5, 'n_estimators': 300}",0.8680683990424536,0.8778127566649149,0.8460424720803493,0.875463897515528,0.8698741406371255,0.8674523331880742,0.011279631010823753,137,0.9641111385448572,0.9636240826167501,0.9672820986141323,0.9634976145287981,0.9631160427380766,0.9643261954085229,0.0015117930644070478
0.6446187973022461,0.06885079180405608,0.20526576042175293,0.05803279475139331,,log2,4,10,100,"{'max_depth': None, 'max_features': 'log2', 'min_samples_leaf': 4, 'min_samples_split': 10, 'n_estimators': 100}",0.8722724907542525,0.8816741616796562,0.8598711570836923,0.8754825103681925,0.8741296232362512,0.8726859886244089,0.00714258717178313,6,0.9631226093192138,0.9568491858727789,0.9615726563837411,0.9614322976292612,0.9563840675145227,0.9598721633439034,0.0027275006841856724
0.8817219257354736,0.0614229790441153,0.10104026794433593,0.011144351733779862,,log2,4,10,200,"{'max_depth': None, 'max_features': 'log2', 'min_samples_leaf': 4, 'min_samples_split': 10, 'n_estimators': 200}",0.8743358167480029,0.8817668173840049,0.8540979720107711,0.8734195619632724,0.8761198936628845,0.871948012353787,0.00938407730364725,17,0.9625760308883626,0.9605090485768994,0.9600108057819674,0.9598560543710912,0.9558420740507396,0.959758802733812,0.002186932568411644
1.2264341354370116,0.05940038056669716,0.08174686431884766,0.010391652671317246,,log2,4,10,300,"{'max_depth': None, 'max_features': 'log2', 'min_samples_leaf': 4, 'min_samples_split': 10, 'n_estimators': 300}",0.8725101126667704,0.8797359184096296,0.8519091749984218,0.8773874202620212,0.8782537786580079,0.8719592809989702,0.010313793213120516,15,0.9610142483843848,0.9615335855215911,0.960568325630526,0.9582838529632,0.9563529990490374,0.9595506023097478,0.001946256073994045
