mean_fit_time,std_fit_time,mean_score_time,std_score_time,param_colsample_bytree,param_learning_rate,param_max_depth,param_n_estimators,param_subsample,params,split0_test_score,split1_test_score,split2_test_score,split3_test_score,split4_test_score,mean_test_score,std_test_score,rank_test_score,split0_train_score,split1_train_score,split2_train_score,split3_train_score,split4_train_score,mean_train_score,std_train_score
0.33119521141052244,0.011716729075587571,0.033231687545776364,0.003593639841907785,0.8,0.01,3,100,0.8,"{'colsample_bytree': 0.8, 'learning_rate': 0.01, 'max_depth': 3, 'n_estimators': 100, 'subsample': 0.8}",0.8805289154257221,0.8659127645504464,0.8434753630483397,0.8806794111931597,0.8536964071521581,0.8648585722739652,0.014688808576260155,76,0.8953209283685327,0.8909115949442247,0.9005560676293498,0.8941636296068547,0.8950954321270503,0.8952095305352025,0.0031040955500505917
0.3166202068328857,0.024588758597991978,0.03180608749389648,0.0029495364179077783,0.8,0.01,3,100,1.0,"{'colsample_bytree': 0.8, 'learning_rate': 0.01, 'max_depth': 3, 'n_estimators': 100, 'subsample': 1.0}",0.8808846686232881,0.8577587599912664,0.8354824092924369,0.8672994443375238,0.8493786310645992,0.8581607826618228,0.015436881537396955,107,0.8905920016949213,0.8876378695671686,0.8943174021167628,0.8941701534791915,0.894735755260302,0.8922906364236691,0.0027623384667565987
0.6322126388549805,0.016392843969209057,0.03484368324279785,0.005619932808546866,0.8,0.01,3,200,0.8,"{'colsample_bytree': 0.8, 'learning_rate': 0.01, 'max_depth': 3, 'n_estimators': 200, 'subsample': 0.8}",0.8806528756999022,0.8781576745786387,0.845762939516338,0.8846532634032634,0.8655236791460825,0.8709500864688449,0.014125924899690301,3,0.9029379942358176,0.9025998394338987,0.9117211921151414,0.9051472225124096,0.900182796232375,0.9045178089059285,0.0039306907106563165
0.6309446811676025,0.02695276349847583,0.02203259468078613,0.017620413794699738,0.8,0.01,3,200,1.0,"{'colsample_bytree': 0.8, 'learning_rate': 0.01, 'max_depth': 3, 'n_estimators': 200, 'subsample': 1.0}",0.8866306817900517,0.8616251823917629,0.8472670988950493,0.8826675595729593,0.8634063916236911,0.8683193828547028,0.014514284732152213,27,0.9001382900746174,0.8988337266437278,0.9033140698466071,0.9039615384443516,0.9014337283000157,0.9015362706618639,0.0019136929004571568
0.9092437744140625,0.04044736423151846,0.01665220260620117,0.0011995114340560208,0.8,0.01,3,300,0.8,"{'colsample_bytree': 0.8, 'learning_rate': 0.01, 'max_depth': 3, 'n_estimators': 300, 'subsample': 0.8}",0.8665452156505942,0.8717178990963537,0.8457914145877236,0.8828808912427112,0.8736266696617216,0.8681124180478209,0.012346639897401071,30,0.9120901671182466,0.9134075392200138,0.9178201776741023,0.9138885819390569,0.9104768985199644,0.9135366728942769,0.002447183150571368
0.8520382404327392,0.06056181188569398,0.01839313507080078,0.0035372868452001748,0.8,0.01,3,300,1.0,"{'colsample_bytree': 0.8, 'learning_rate': 0.01, 'max_depth': 3, 'n_estimators': 300, 'subsample': 1.0}",0.8766193269378949,0.8676435938818604,0.8450747084414537,0.8826675595729593,0.8655434617241814,0.8675097301116699,0.012805927350548082,39,0.9093284081951086,0.9106000754427684,0.9197323693475584,0.9121781006779753,0.91153679942482,0.9126751506176461,0.00365660662655326
0.761104679107666,0.02757175010174198,0.018552780151367188,0.0022240713956139793,0.8,0.01,5,100,0.8,"{'colsample_bytree': 0.8, 'learning_rate': 0.01, 'max_depth': 5, 'n_estimators': 100, 'subsample': 0.8}",0.8665231345452582,0.8741635456638488,0.853878351085726,0.8662070877452811,0.8764267751059005,0.8674397788292028,0.007902496175478675,42,0.9363691283593589,0.937947244563524,0.9426789912067765,0.9393744282179984,0.932251754715428,0.9377243094126172,0.0034382214715051075
0.7670933723449707,0.03795508837948347,0.016015243530273438,0.0012626952847605605,0.8,0.01,5,100,1.0,"{'colsample_bytree': 0.8, 'learning_rate': 0.01, 'max_depth': 5, 'n_estimators': 100, 'subsample': 1.0}",0.8561899295800574,0.876334871918324,0.8503404383850626,0.8737755837912088,0.8685163382338578,0.8650314323817021,0.010103167566952707,73,0.9420343252864289,0.9415503143416882,0.9447265172716311,0.9439335701562609,0.9342829002029103,0.9413055254517838,0.0037018411685513465
1.6242671012878418,0.11222513085425614,0.02392878532409668,0.007458898022537821,0.8,0.01,5,200,0.8,"{'colsample_bytree': 0.8, 'learning_rate': 0.01, 'max_depth': 5, 'n_estimators': 200, 'subsample': 0.8}",0.8664097306471032,0.8719505132555907,0.8471760656931638,0.8741233991924148,0.8703229053229052,0.8659965228222355,0.009742628540722685,61,0.9434428947652163,0.9517609099649121,0.9539089751202868,0.9481018768848943,0.9476126856958582,0.9489654684862335,0.0036146198455039675
1.7550649166107177,0.12510437130567378,0.02626972198486328,0.010694541563911645,0.8,0.01,5,200,1.0,"{'colsample_bytree': 0.8, 'learning_rate': 0.01, 'max_depth': 5, 'n_estimators': 200, 'subsample': 1.0}",0.8643562232862074,0.8842283497993206,0.8413188988741607,0.8781699674887461,0.8744619581425914,0.8685070795182053,0.015049366078384774,23,0.9522438705808,0.9589500076172801,0.9550023282637586,0.9552494897348819,0.950681328371987,0.9544254049137415,0.002837646460199599
2.436874437332153,0.27835062741431094,0.030396223068237305,0.004614344982976828,0.8,0.01,5,300,0.8,"{'colsample_bytree': 0.8, 'learning_rate': 0.01, 'max_depth': 5, 'n_estimators': 300, 'subsample': 0.8}",0.8660529519904521,0.8779749728784533,0.847228700994863,0.8739214722586283,0.8658878073179177,0.8662131810880629,0.010566925047087563,58,0.957442289041607,0.9640994578395561,0.9621383066160087,0.9589147536594628,0.9563392623328151,0.95978681389789,0.0029076214824484904
2.528575801849365,0.23775749731819373,0.03348455429077148,0.0071469562129992436,0.8,0.01,5,300,1.0,"{'colsample_bytree': 0.8, 'learning_rate': 0.01, 'max_depth': 5, 'n_estimators': 300, 'subsample': 1.0}",0.860347830860141,0.8820579703826849,0.8433074642683109,0.8717289184266124,0.8781375240073526,0.8671159415890204,0.013990496588384959,48,0.9605432614448165,0.96670596064357,0.9663139874565007,0.962527523568988,0.9579451911528101,0.962807184853337,0.0033568038232114883
2.3247940063476564,0.24324117062215955,0.048565912246704104,0.01981566645550953,0.8,0.01,7,100,0.8,"{'colsample_bytree': 0.8, 'learning_rate': 0.01, 'max_depth': 7, 'n_estimators': 100, 'subsample': 0.8}",0.85602622465927,0.8700456329734286,0.8534122889305816,0.869752621231979,0.8767169506491727,0.8651907436888864,0.008943763515571286,70,0.9689366934875756,0.9704353220019702,0.9673918542150264,0.9714622176949687,0.9688936289450947,0.9694239432689271,0.0014018188992861401
2.253942584991455,0.32649932723835423,0.031200408935546875,0.008966249030103254,0.8,0.01,7,100,1.0,"{'colsample_bytree': 0.8, 'learning_rate': 0.01, 'max_depth': 7, 'n_estimators': 100, 'subsample': 1.0}",0.8495513890707022,0.8761878083015106,0.8447026718800912,0.8659991955945929,0.8747314719378451,0.8622345073569484,0.01290944114330955,99,0.9751496104534082,0.9750947353295094,0.9684369148987505,0.972977751024794,0.9725039676390129,0.9728325958690951,0.0024469127180251323
4.386423397064209,0.49822930519166503,0.05432906150817871,0.02146766242561122,0.8,0.01,7,200,0.8,"{'colsample_bytree': 0.8, 'learning_rate': 0.01, 'max_depth': 7, 'n_estimators': 200, 'subsample': 0.8}",0.8680279968461968,0.8699988311670724,0.8470251533602426,0.8760464296705833,0.8806853633110444,0.8683567548710279,0.01156691319242971,25,0.9823312736241102,0.9797561652632999,0.9777199154058981,0.979739272275251,0.9776609762028431,0.9794415205542805,0.0017130436456329744
5.409191417694092,0.22747412338025744,0.0403099536895752,0.007332061889191873,0.8,0.01,7,200,1.0,"{'colsample_bytree': 0.8, 'learning_rate': 0.01, 'max_depth': 7, 'n_estimators': 200, 'subsample': 1.0}",0.859972625437636,0.8783012464466989,0.8447841889799023,0.8737138918480035,0.880552304760443,0.8674648514945368,0.013403770344766664,41,0.9849329557563614,0.9839020587097157,0.980284956097201,0.9844054694280132,0.9828626588218526,0.9832776197626287,0.0016450127364391442
5.63033127784729,0.37846729518855404,0.030419349670410156,0.0038196887291656193,0.8,0.01,7,300,0.8,"{'colsample_bytree': 0.8, 'learning_rate': 0.01, 'max_depth': 7, 'n_estimators': 300, 'subsample': 0.8}",0.8662308974839067,0.879939505073768,0.84750097540603,0.8715750886831011,0.8826763026763028,0.8695845538646216,0.012502100455621197,12,0.987519589270106,0.9854467653093077,0.986497067499853,0.9880241316200731,0.9854394373651857,0.9865853982129051,0.0010545311960092855
5.461171197891235,0.4258009942529691,0.032416915893554686,0.005534229128719328,0.8,0.01,7,300,1.0,"{'colsample_bytree': 0.8, 'learning_rate': 0.01, 'max_depth': 7, 'n_estimators': 300, 'subsample': 1.0}",0.8578228240450213,0.8841880533684411,0.8492055581613509,0.8715780419792154,0.878427940075524,0.8682444835259107,0.01296228748297149,29,0.9901296305905515,0.9901213480373948,0.9885683496770458,0.9916716005345261,0.9896019026002502,0.9900185662879537,0.0010032106892248328
0.41028609275817873,0.02609375953545179,0.025524234771728514,0.014703663359995645,0.8,0.1,3,100,0.8,"{'colsample_bytree': 0.8, 'learning_rate': 0.1, 'max_depth': 3, 'n_estimators': 100, 'subsample': 0.8}",0.8557951262263974,0.8899824277056415,0.8492634383224993,0.878026925187149,0.8818989492484692,0.8709933733380313,0.015698174507719927,2,0.95469114952326,0.9494903672777076,0.9568339687021609,0.9526091541073122,0.9505104673600833,0.9528270213941047,0.0026861775760776197
0.34920363426208495,0.03855949323849706,0.016024160385131835,0.0032993340736199093,0.8,0.1,3,100,1.0,"{'colsample_bytree': 0.8, 'learning_rate': 0.1, 'max_depth': 3, 'n_estimators': 100, 'subsample': 1.0}",0.8618309948802643,0.8880734081724696,0.8469474803166749,0.8761843219210758,0.8695076097106963,0.8685087630002363,0.013799773463635026,22,0.9536997346304867,0.9505303054982738,0.9568821587753571,0.9520578798167615,0.9505323882430362,0.952740493392783,0.0023790820107287736
0.6305562496185303,0.027788083860207095,0.016183853149414062,0.0019351923005118852,0.8,0.1,3,200,0.8,"{'colsample_bytree': 0.8, 'learning_rate': 0.1, 'max_depth': 3, 'n_estimators': 200, 'subsample': 0.8}",0.8557664449593133,0.8840280881242276,0.8553936779427558,0.873848128434066,0.8756928981600843,0.8689458475240894,0.011440165945047381,18,0.9901151365691235,0.9875098696926334,0.9911573083845797,0.9874979506560625,0.9854179056997391,0.9883396342004277,0.002050616211204214
0.5541022300720215,0.027344661722742084,0.015471363067626953,0.0013613352929794829,0.8,0.1,3,200,1.0,"{'colsample_bytree': 0.8, 'learning_rate': 0.1, 'max_depth': 3, 'n_estimators': 200, 'subsample': 1.0}",0.8577550627550627,0.8861527433180107,0.8363173046088522,0.8759700387934468,0.8752113579811517,0.8662813014913049,0.01754439851264759,57,0.9870019768538254,0.9827946612044081,0.9875188398922721,0.9822731390172496,0.9817612703671714,0.9842699774669853,0.0024688645523705597
0.8961807727813721,0.05125986824964898,0.018792343139648438,0.0029254210330352365,0.8,0.1,3,300,0.8,"{'colsample_bytree': 0.8, 'learning_rate': 0.1, 'max_depth': 3, 'n_estimators': 300, 'subsample': 0.8}",0.8518245142211394,0.8860435549725623,0.8469808271191079,0.8756075516376032,0.8752632790611101,0.8671439454023047,0.015073073754838524,46,0.9994791676293502,0.9989583359004818,1.0,0.9984375057670268,0.9994791653850956,0.9992708349363909,0.0005311457292981615
0.8512376308441162,0.07157988418177212,0.0194183349609375,0.003307026003174477,0.8,0.1,3,300,1.0,"{'colsample_bytree': 0.8, 'learning_rate': 0.1, 'max_depth': 3, 'n_estimators': 300, 'subsample': 1.0}",0.8554291529541973,0.8798861748939205,0.8404810881906992,0.8776741617310406,0.8651070749818767,0.863715530550347,0.014606662070847442,89,0.9973974825932431,0.9984375028880508,0.9973958381467514,0.9968737536644703,0.9968741820746242,0.9973957518734279,0.0005709230008470588
0.7012304782867431,0.10187489494657907,0.016982316970825195,0.000943153029361915,0.8,0.1,5,100,0.8,"{'colsample_bytree': 0.8, 'learning_rate': 0.1, 'max_depth': 5, 'n_estimators': 100, 'subsample': 0.8}",0.8597404385023231,0.8901850659326852,0.8492125812558682,0.8735494059562043,0.8756928981600843,0.869676077961433,0.01406623625240974,9,0.9953174365444315,0.9958349672460433,0.9963558114592135,0.9989587466140806,0.996354591985428,0.9965643107698394,0.0012575702169615305
0.6648479461669922,0.0688343220900429,0.015053319931030273,0.0015890426942455171,0.8,0.1,5,100,1.0,"{'colsample_bytree': 0.8, 'learning_rate': 0.1, 'max_depth': 5, 'n_estimators': 100, 'subsample': 1.0}",0.8534677829733828,0.8880568658280924,0.8533235521030332,0.8718632005582918,0.879781436774874,0.8692985676475349,0.01395819832775708,13,0.995316632577662,0.9963554102389893,0.9963553991877842,0.9968758163175906,0.9958324938996882,0.9961471504443429,0.0005303701168084542
1.3333272457122802,0.11067124280440954,0.022463417053222655,0.003999473367397895,0.8,0.1,5,200,0.8,"{'colsample_bytree': 0.8, 'learning_rate': 0.1, 'max_depth': 5, 'n_estimators': 200, 'subsample': 0.8}",0.8680279968461968,0.8838086883692765,0.8461555437750552,0.8717852890165929,0.8796701561828587,0.869889534837996,0.013113084521158827,8,1.0,1.0,1.0,1.0,1.0,1.0,0.0
1.2742937564849854,0.11299912416444893,0.021569013595581055,0.0021465683183383454,0.8,0.1,5,200,1.0,"{'colsample_bytree': 0.8, 'learning_rate': 0.1, 'max_depth': 5, 'n_estimators': 200, 'subsample': 1.0}",0.8516958495150274,0.8858036256588099,0.8444076059377783,0.8698883861509656,0.8860535642597216,0.8675698063044607,0.017134569261463593,36,1.0,1.0,1.0,1.0,1.0,1.0,0.0
1.8386130332946777,0.13255021957412363,0.027881097793579102,0.0043760135855919055,0.8,0.1,5,300,0.8,"{'colsample_bytree': 0.8, 'learning_rate': 0.1, 'max_depth': 5, 'n_estimators': 300, 'subsample': 0.8}",0.8638650429345558,0.8733245923929687,0.844203673161892,0.8716276237146964,0.8717423295306559,0.8649526523469537,0.010885287048205924,75,1.0,1.0,1.0,1.0,1.0,1.0,0.0
1.7742656230926515,0.12425369887483631,0.030132341384887695,0.0049607263001074185,0.8,0.1,5,300,1.0,"{'colsample_bytree': 0.8, 'learning_rate': 0.1, 'max_depth': 5, 'n_estimators': 300, 'subsample': 1.0}",0.8538642373464564,0.8838265168311605,0.8402258384186095,0.8676226545676375,0.881924530621381,0.865492755557049,0.016639146861970232,64,1.0,1.0,1.0,1.0,1.0,1.0,0.0
1.353587770462036,0.08149164478052864,0.024257993698120116,0.005085146989522062,0.8,0.1,7,100,0.8,"{'colsample_bytree': 0.8, 'learning_rate': 0.1, 'max_depth': 7, 'n_estimators': 100, 'subsample': 0.8}",0.8577764015057975,0.8899824277056415,0.8450369371482176,0.8734742228533248,0.880124641035998,0.8692789260497958,0.016024026500444644,15,1.0,1.0,1.0,1.0,1.0,1.0,0.0
1.50373215675354,0.14243786748315032,0.030370521545410156,0.00927148795796539,0.8,0.1,7,100,1.0,"{'colsample_bytree': 0.8, 'learning_rate': 0.1, 'max_depth': 7, 'n_estimators': 100, 'subsample': 1.0}",0.8514902153876421,0.8757444275208963,0.8511564418998724,0.8635850066918057,0.8721147981997037,0.862818177939984,0.010182552979214842,94,1.0,1.0,1.0,1.0,1.0,1.0,0.0
2.1934742450714113,0.12590742460349444,0.029036521911621094,0.001583014157024367,0.8,0.1,7,200,0.8,"{'colsample_bytree': 0.8, 'learning_rate': 0.1, 'max_depth': 7, 'n_estimators': 200, 'subsample': 0.8}",0.865854716205227,0.8878458030994049,0.8448036819811013,0.8733123368762385,0.877840195101783,0.8699313466527508,0.014442487155034498,7,1.0,1.0,1.0,1.0,1.0,1.0,0.0
2.3561771869659425,0.18709189886421512,0.029064226150512695,0.00541066504495162,0.8,0.1,7,200,1.0,"{'colsample_bytree': 0.8, 'learning_rate': 0.1, 'max_depth': 7, 'n_estimators': 200, 'subsample': 1.0}",0.8597544637147315,0.8777540436899106,0.8396647546978036,0.8635850066918057,0.8760988274841888,0.863371419255688,0.013740311039194012,91,1.0,1.0,1.0,1.0,1.0,1.0,0.0
2.642007827758789,0.19314418731868188,0.023879241943359376,0.0011925480869987364,0.8,0.1,7,300,0.8,"{'colsample_bytree': 0.8, 'learning_rate': 0.1, 'max_depth': 7, 'n_estimators': 300, 'subsample': 0.8}",0.8638863575320389,0.8816741616796561,0.8450750469043151,0.87090972466401,0.8799756250170666,0.8683041831594173,0.013273113286884228,28,1.0,1.0,1.0,1.0,1.0,1.0,0.0
2.165455532073975,0.20219531052475817,0.023207807540893556,0.0016718836030853801,0.8,0.1,7,300,1.0,"{'colsample_bytree': 0.8, 'learning_rate': 0.1, 'max_depth': 7, 'n_estimators': 300, 'subsample': 1.0}",0.8638918783048416,0.8777540436899106,0.8399504087473998,0.8693300711220832,0.8719685714125198,0.864578994655351,0.013098090410516688,82,1.0,1.0,1.0,1.0,1.0,1.0,0.0
0.37317643165588377,0.013274250098396095,0.016385269165039063,0.001388801393732972,0.8,0.2,3,100,0.8,"{'colsample_bytree': 0.8, 'learning_rate': 0.2, 'max_depth': 3, 'n_estimators': 100, 'subsample': 0.8}",0.8514448150865709,0.8936895004766257,0.8464416322580753,0.8779569024725274,0.8835449301405003,0.8706155560868598,0.018468172046281928,5,0.9896063581493542,0.985424912702766,0.9921997721254676,0.9890596025234407,0.9833440139402526,0.9879269318882562,0.003150359216016552
0.31946754455566406,0.015187362931822743,0.014047002792358399,0.0017353549877658317,0.8,0.2,3,100,1.0,"{'colsample_bytree': 0.8, 'learning_rate': 0.2, 'max_depth': 3, 'n_estimators': 100, 'subsample': 1.0}",0.8519371460239907,0.8902951393182049,0.847228700994863,0.8800790498902409,0.869246005295651,0.8677572083045902,0.01633215609675885,34,0.9859606185973397,0.9848883194025732,0.9869898001033419,0.9817557272278175,0.9828157219818443,0.9844820374625833,0.001941623826941957
0.6437824726104736,0.03149017457114086,0.015106487274169921,0.0025172067984187865,0.8,0.2,3,200,0.8,"{'colsample_bytree': 0.8, 'learning_rate': 0.2, 'max_depth': 3, 'n_estimators': 200, 'subsample': 0.8}",0.8537956721767507,0.8896486415882967,0.8467234292745327,0.8738492805585193,0.8708980331262939,0.8669830113448788,0.015235225123343715,50,1.0,1.0,1.0,1.0,1.0,1.0,0.0
0.5925684928894043,0.02804093207343613,0.016162872314453125,0.0015273245504929538,0.8,0.2,3,200,1.0,"{'colsample_bytree': 0.8, 'learning_rate': 0.2, 'max_depth': 3, 'n_estimators': 200, 'subsample': 1.0}",0.8515039457191825,0.8839669251624509,0.831487515165747,0.8799417021048642,0.8650498511142634,0.8623899878533015,0.01925705325811481,96,1.0,1.0,1.0,1.0,1.0,1.0,0.0
0.9794218063354492,0.049117482386376025,0.017536687850952148,0.0025989247166470068,0.8,0.2,3,300,0.8,"{'colsample_bytree': 0.8, 'learning_rate': 0.2, 'max_depth': 3, 'n_estimators': 300, 'subsample': 0.8}",0.8521611884847179,0.8815991855389211,0.8469808271191079,0.8759700387934468,0.8750517598343684,0.8663525999541124,0.01398063393920441,55,1.0,1.0,1.0,1.0,1.0,1.0,0.0
0.9111088275909424,0.011470304764070354,0.019749546051025392,0.002285178402514466,0.8,0.2,3,300,1.0,"{'colsample_bytree': 0.8, 'learning_rate': 0.2, 'max_depth': 3, 'n_estimators': 300, 'subsample': 1.0}",0.8554292929292929,0.8778748146499574,0.83571498269292,0.8756075516376032,0.8609724916240521,0.8611198267067651,0.015286816387430697,102,1.0,1.0,1.0,1.0,1.0,1.0,0.0
0.5696445941925049,0.03559236116681649,0.014399480819702149,0.002867856437617182,0.8,0.2,5,100,0.8,"{'colsample_bytree': 0.8, 'learning_rate': 0.2, 'max_depth': 5, 'n_estimators': 100, 'subsample': 0.8}",0.8591763599564596,0.8835154808030351,0.8312742214049015,0.8802809415020837,0.8689791511694047,0.8646452309671769,0.01877699372346767,80,1.0,1.0,1.0,1.0,1.0,1.0,0.0
0.5660216331481933,0.020347043182971813,0.014833545684814453,0.0006907961091550016,0.8,0.2,5,100,1.0,"{'colsample_bytree': 0.8, 'learning_rate': 0.2, 'max_depth': 5, 'n_estimators': 100, 'subsample': 1.0}",0.8515264461774393,0.8836920774086229,0.8463275571988926,0.8673795109678434,0.8862063155581398,0.8670263814621876,0.01621375535442678,49,1.0,1.0,1.0,1.0,1.0,1.0,0.0
1.0300632476806642,0.060775641873089564,0.018480491638183594,0.0025750945853723513,0.8,0.2,5,200,0.8,"{'colsample_bytree': 0.8, 'learning_rate': 0.2, 'max_depth': 5, 'n_estimators': 200, 'subsample': 0.8}",0.8660192472692473,0.8793084217767295,0.8312604247186102,0.8753124999999999,0.873610157437747,0.8651021502404668,0.0174617240437471,71,1.0,1.0,1.0,1.0,1.0,1.0,0.0
1.0194427490234375,0.03692174647238781,0.018701744079589844,0.001720461291329911,0.8,0.2,5,200,1.0,"{'colsample_bytree': 0.8, 'learning_rate': 0.2, 'max_depth': 5, 'n_estimators': 200, 'subsample': 1.0}",0.8516915188405407,0.8813283699059561,0.8382384824841854,0.8780294471153847,0.8883581923892386,0.8675292021470613,0.019200507704893975,38,1.0,1.0,1.0,1.0,1.0,1.0,0.0
1.3859053611755372,0.09418220680575193,0.02790241241455078,0.004193007925662384,0.8,0.2,5,300,0.8,"{'colsample_bytree': 0.8, 'learning_rate': 0.2, 'max_depth': 5, 'n_estimators': 300, 'subsample': 0.8}",0.8678370792564991,0.8731869256842806,0.8289828417766619,0.8711890050653572,0.8716549227424489,0.8625701549050495,0.01688420268672624,95,1.0,1.0,1.0,1.0,1.0,1.0,0.0
1.3756057262420653,0.10292920907954188,0.03287320137023926,0.00983382278007736,0.8,0.2,5,300,1.0,"{'colsample_bytree': 0.8, 'learning_rate': 0.2, 'max_depth': 5, 'n_estimators': 300, 'subsample': 1.0}",0.8558320721390884,0.8814064767223881,0.842089306066168,0.8823415126303179,0.8842420474411823,0.8691822829998289,0.017097662242644522,17,1.0,1.0,1.0,1.0,1.0,1.0,0.0
0.997900915145874,0.054646728976453486,0.01978583335876465,0.0009511651576085436,0.8,0.2,7,100,0.8,"{'colsample_bytree': 0.8, 'learning_rate': 0.2, 'max_depth': 7, 'n_estimators': 100, 'subsample': 0.8}",0.8556069112737681,0.87748538062565,0.8374298928386815,0.8799417021048642,0.8798026311519564,0.8660533035989839,0.01697675329694118,60,1.0,1.0,1.0,1.0,1.0,1.0,0.0
1.0572229385375977,0.06354104504685502,0.02051997184753418,0.003052852549745245,0.8,0.2,7,100,1.0,"{'colsample_bytree': 0.8, 'learning_rate': 0.2, 'max_depth': 7, 'n_estimators': 100, 'subsample': 1.0}",0.8597799942607287,0.8715240781975209,0.8380161790065815,0.8796951361981348,0.8734631850153803,0.8644957145356692,0.014725757440545162,83,1.0,1.0,1.0,1.0,1.0,1.0,0.0
1.4841582298278808,0.06748971060835961,0.021349620819091798,0.00156931612210376,0.8,0.2,7,200,0.8,"{'colsample_bytree': 0.8, 'learning_rate': 0.2, 'max_depth': 7, 'n_estimators': 200, 'subsample': 0.8}",0.8536505832015417,0.8751547759433963,0.8332143001985776,0.8795125313122583,0.8796354166666667,0.8642335214644881,0.018243524809427984,85,1.0,1.0,1.0,1.0,1.0,1.0,0.0
1.4994228839874268,0.09055263094068064,0.022950410842895508,0.0028761183465580878,0.8,0.2,7,200,1.0,"{'colsample_bytree': 0.8, 'learning_rate': 0.2, 'max_depth': 7, 'n_estimators': 200, 'subsample': 1.0}",0.8597799942607287,0.8754433254152144,0.8425090229548076,0.8754274295586382,0.8837455930895738,0.8673810730557925,0.014655623883605867,43,1.0,1.0,1.0,1.0,1.0,1.0,0.0
1.7979074001312256,0.15568434504315973,0.024287939071655273,0.005956441001946603,0.8,0.2,7,300,0.8,"{'colsample_bytree': 0.8, 'learning_rate': 0.2, 'max_depth': 7, 'n_estimators': 300, 'subsample': 0.8}",0.8595851504645748,0.8771617032392894,0.8354878309349658,0.8731735187601006,0.8798026311519564,0.8650421669101774,0.01633469406996052,72,1.0,1.0,1.0,1.0,1.0,1.0,0.0
1.5410356044769287,0.0961462868847784,0.020602321624755858,0.0011493824700911951,0.8,0.2,7,300,1.0,"{'colsample_bytree': 0.8, 'learning_rate': 0.2, 'max_depth': 7, 'n_estimators': 300, 'subsample': 1.0}",0.8577764015057975,0.8755131233884199,0.8444480127360561,0.8796429074988282,0.8814406488793401,0.8677642188016884,0.014363811936654218,33,1.0,1.0,1.0,1.0,1.0,1.0,0.0
0.49666447639465333,0.03430142419137804,0.014419031143188477,0.0023437313201170452,1.0,0.01,3,100,0.8,"{'colsample_bytree': 1.0, 'learning_rate': 0.01, 'max_depth': 3, 'n_estimators': 100, 'subsample': 0.8}",0.8748234174497703,0.8636884005419371,0.8437515562304012,0.876271473381801,0.8532912168579471,0.8623652128923712,0.012483167751114178,97,0.8933202436258443,0.8880984262252167,0.8973281010267459,0.8953593902351626,0.8915150116871083,0.8931242345600156,0.003179785571039344
0.415578556060791,0.03267743788561952,0.011678934097290039,0.00031947513119634947,1.0,0.01,3,100,1.0,"{'colsample_bytree': 1.0, 'learning_rate': 0.01, 'max_depth': 3, 'n_estimators': 100, 'subsample': 1.0}",0.8790368890160377,0.861651444676037,0.8416379721750383,0.8720485737431275,0.8488055590823412,0.8606360877385164,0.013933808362531008,104,0.8931247129566741,0.8841120051001264,0.8951767952972548,0.8908610026041667,0.8920924476272948,0.8910733927171034,0.0037574014287516315
0.7979389667510987,0.03645496535656346,0.014722681045532227,0.0013969096259292555,1.0,0.01,3,200,0.8,"{'colsample_bytree': 1.0, 'learning_rate': 0.01, 'max_depth': 3, 'n_estimators': 200, 'subsample': 0.8}",0.8767355246011541,0.869871392361141,0.8475378122341494,0.8847637731079918,0.8653376313998952,0.8688492267408663,0.012514143939428495,19,0.9013453255304072,0.9010526708460941,0.9127154902694684,0.9041418204472613,0.9018252412354435,0.9042161096657348,0.00438657014313749
0.7256305694580079,0.013308770180566917,0.01530766487121582,0.0017112252312770355,1.0,0.01,3,200,1.0,"{'colsample_bytree': 1.0, 'learning_rate': 0.01, 'max_depth': 3, 'n_estimators': 200, 'subsample': 1.0}",0.8767096815158077,0.8699017078133034,0.8450369371482176,0.8786129112139531,0.8594660439468481,0.865945456327626,0.012418807044904204,62,0.8978968388963563,0.9028270464278292,0.9073942257042833,0.9048521890623403,0.9002434725178271,0.9026427545217273,0.0033398297008065737
1.103485679626465,0.029574973667496902,0.016645288467407225,0.0007878397786447357,1.0,0.01,3,300,0.8,"{'colsample_bytree': 1.0, 'learning_rate': 0.01, 'max_depth': 3, 'n_estimators': 300, 'subsample': 0.8}",0.8724873709114835,0.8653855647026548,0.8458108829668464,0.8826989196907843,0.8736266696617216,0.8680018815866981,0.012385849330495217,31,0.9084249471496778,0.911364565211833,0.918269860477871,0.9137591948623085,0.9095517070158702,0.912274054943512,0.003498837098350617
1.053807258605957,0.03272444466024403,0.020702552795410157,0.0028258170428093416,1.0,0.01,3,300,1.0,"{'colsample_bytree': 1.0, 'learning_rate': 0.01, 'max_depth': 3, 'n_estimators': 300, 'subsample': 1.0}",0.8724873709114835,0.8719091121350472,0.8494947125404135,0.8806794111931597,0.8632228359147731,0.8675586885389753,0.010587523839102112,37,0.9077005130115675,0.9106888548438287,0.9202407521471013,0.9131504367562847,0.9083252686472177,0.9120211650811999,0.004537391351343363
0.9012803554534912,0.049465430708314544,0.016174936294555665,0.0018535841942689197,1.0,0.01,5,100,0.8,"{'colsample_bytree': 1.0, 'learning_rate': 0.01, 'max_depth': 5, 'n_estimators': 100, 'subsample': 0.8}",0.8622576531886621,0.8702676381186211,0.8540979720107711,0.8786129112139531,0.8741237262328698,0.8678719801529754,0.008734243799622713,32,0.935841991537535,0.9404504502836227,0.9406643730641419,0.9409030334693538,0.9357593703337195,0.9387238437376745,0.0023911866001737757
1.0037905693054199,0.044810444165030855,0.015556859970092773,0.0010607013316215807,1.0,0.01,5,100,1.0,"{'colsample_bytree': 1.0, 'learning_rate': 0.01, 'max_depth': 5, 'n_estimators': 100, 'subsample': 1.0}",0.8480151993053648,0.872116068997324,0.8437515562304012,0.8673795109678434,0.8617439370038347,0.8586012545009536,0.010974174721720154,106,0.9415321140181228,0.9435352199043953,0.942256971466911,0.9423674142803738,0.9356772687769154,0.9410737976893436,0.0027736085359387356
1.899799394607544,0.07105441949495918,0.018587112426757812,0.0014017472214977703,1.0,0.01,5,200,0.8,"{'colsample_bytree': 1.0, 'learning_rate': 0.01, 'max_depth': 5, 'n_estimators': 200, 'subsample': 0.8}",0.8604701228247258,0.8741234839916214,0.8450111006655818,0.8743291398195522,0.86984111410942,0.8647549922821802,0.011076849151759442,77,0.9461073447906349,0.9532309355231341,0.9544540016730125,0.9506297273788709,0.9485930248408501,0.9506030068413004,0.003032750871856588
1.9609548091888427,0.0746346603430423,0.018825578689575195,0.0015041064085625628,1.0,0.01,5,200,1.0,"{'colsample_bytree': 1.0, 'learning_rate': 0.01, 'max_depth': 5, 'n_estimators': 200, 'subsample': 1.0}",0.864476248584215,0.8779879570612631,0.8456850208430429,0.8782229688830192,0.8657620393954132,0.8664268469533907,0.011893510104118916,54,0.9486083755206186,0.9584461709079354,0.9560515629410572,0.9526712607217539,0.9486123680241327,0.9528779476230996,0.003938123397374862
2.9318296909332275,0.10398245101993643,0.031634283065795896,0.0041560305841794355,1.0,0.01,5,300,0.8,"{'colsample_bytree': 1.0, 'learning_rate': 0.01, 'max_depth': 5, 'n_estimators': 300, 'subsample': 0.8}",0.8641990717928943,0.8759693063702788,0.8467105586420307,0.876109309460929,0.8676737215639215,0.8661323935660109,0.010766845417139842,59,0.9574174576610034,0.9667059739537817,0.9637008987663755,0.9583662486673283,0.9578236750881476,0.9608028508273273,0.0037287786087329814
2.9035267353057863,0.09470732842471727,0.029662609100341797,0.002480052810554324,1.0,0.01,5,300,1.0,"{'colsample_bytree': 1.0, 'learning_rate': 0.01, 'max_depth': 5, 'n_estimators': 300, 'subsample': 1.0}",0.860522533022533,0.8862001577470237,0.8474558624487213,0.8759592720755978,0.8738324789377108,0.8687940608463174,0.013441986471764311,20,0.9589742523981655,0.96666562248501,0.9647359092662157,0.9625296219021273,0.9579423470113043,0.9621695506125645,0.0033169169817884106
2.1435218334197996,0.09024892582454913,0.023957300186157226,0.003722610052358061,1.0,0.01,7,100,0.8,"{'colsample_bytree': 1.0, 'learning_rate': 0.01, 'max_depth': 7, 'n_estimators': 100, 'subsample': 0.8}",0.8558320721390884,0.872116068997324,0.8516620864735575,0.8804066396929048,0.8765717584918356,0.867317725158942,0.011462985371488583,44,0.9658523200964004,0.9694174810350108,0.9658440447820669,0.9683562477663389,0.9683548294314552,0.9675649846222545,0.0014544104549092446
2.4522604942321777,0.21616667162588823,0.02644214630126953,0.004578605163473322,1.0,0.01,7,100,1.0,"{'colsample_bytree': 1.0, 'learning_rate': 0.01, 'max_depth': 7, 'n_estimators': 100, 'subsample': 1.0}",0.8379621927930218,0.880212201226976,0.8432564067690431,0.8523266370061723,0.8683403303641799,0.8564195536318786,0.01574096292136662,108,0.9689572632178484,0.9746176557118353,0.9674038645047555,0.9704229260277705,0.9704323007117762,0.9703668020347973,0.002401790808804018
4.41552848815918,0.3012810555567978,0.03704643249511719,0.0028602306540492007,1.0,0.01,7,200,0.8,"{'colsample_bytree': 1.0, 'learning_rate': 0.01, 'max_depth': 7, 'n_estimators': 200, 'subsample': 0.8}",0.8599685749153335,0.8760812312636972,0.8471922029040506,0.8759700387934468,0.8764196269009827,0.8671263349555021,0.011775989895419229,47,0.9818226975157484,0.9787147333602891,0.9777124699443488,0.9787004300491106,0.9781836435169773,0.9790267948772948,0.0014463279158580845
4.633269119262695,0.4605152365196109,0.029654598236083983,0.002804354430063638,1.0,0.01,7,200,1.0,"{'colsample_bytree': 1.0, 'learning_rate': 0.01, 'max_depth': 7, 'n_estimators': 200, 'subsample': 1.0}",0.8543486461862597,0.8780437190234281,0.8393383757566358,0.8699600398522023,0.884366925537965,0.8652115412712982,0.01638026223487549,69,0.9802832226799819,0.9839020587097157,0.9787398118189221,0.9838878138550543,0.9797628392229943,0.9813151492573337,0.0021641444255237796
5.7335906505584715,0.20824354654032107,0.029128599166870116,0.002452786246963282,1.0,0.01,7,300,0.8,"{'colsample_bytree': 1.0, 'learning_rate': 0.01, 'max_depth': 7, 'n_estimators': 300, 'subsample': 0.8}",0.8579670577847227,0.8779749728784533,0.8494021169935263,0.8799232699348049,0.8721379892799249,0.8674810813742864,0.011865767604852938,40,0.9854489677086716,0.9849290992280135,0.9875324399141647,0.9885462064365121,0.9864889523388911,0.9865891331252508,0.0013255707865488064
5.744382715225219,0.4520733251260665,0.028824615478515624,0.0019665145234398795,1.0,0.01,7,300,1.0,"{'colsample_bytree': 1.0, 'learning_rate': 0.01, 'max_depth': 7, 'n_estimators': 300, 'subsample': 1.0}",0.8641633260632676,0.8780594071389776,0.8368202615936028,0.8719950457317073,0.8757749210929167,0.8653625923240943,0.01503142054584835,67,0.9896076514006195,0.9895997064029629,0.9896008886342876,0.993237370303404,0.9875337394511533,0.9899158712384855,0.0018439675486892533
0.42955546379089354,0.03236053085108525,0.01751394271850586,0.00351437966582656,1.0,0.1,3,100,0.8,"{'colsample_bytree': 1.0, 'learning_rate': 0.1, 'max_depth': 3, 'n_estimators': 100, 'subsample': 0.8}",0.8641990717928943,0.8943890847614978,0.8430266239918053,0.8760464296705833,0.8755761846652452,0.8706474789764052,0.016861780682388004,4,0.955274314519874,0.9526094413745789,0.9589118681736934,0.9530915112110161,0.9530981915538452,0.9545970653666016,0.0023469194632678653
0.3688689708709717,0.019003637949755466,0.01627640724182129,0.0019384839029032025,1.0,0.1,3,100,1.0,"{'colsample_bytree': 1.0, 'learning_rate': 0.1, 'max_depth': 3, 'n_estimators': 100, 'subsample': 1.0}",0.8573514874146348,0.8900965926434676,0.8488718327055695,0.8782229688830192,0.8718287273443021,0.8692743217981986,0.01468731273180435,16,0.9531500062920512,0.950510907646566,0.9553824399879701,0.9557249767157051,0.9495009637685764,0.9528538588821738,0.002508229233790654
0.8260551929473877,0.06612566569240927,0.02042255401611328,0.002777459259180641,1.0,0.1,3,200,0.8,"{'colsample_bytree': 1.0, 'learning_rate': 0.1, 'max_depth': 3, 'n_estimators': 200, 'subsample': 0.8}",0.855795466473553,0.8921654837699481,0.8469363526606569,0.875749179308953,0.8757770636981268,0.8692847091822475,0.01605539532358067,14,0.9916756603150735,0.9885523873658227,0.9921989373044849,0.9890550192111103,0.9890649776844617,0.9901093963761906,0.0015130209969134204
0.68277587890625,0.01684733350011757,0.01631193161010742,0.0019864884775183988,1.0,0.1,3,200,1.0,"{'colsample_bytree': 1.0, 'learning_rate': 0.1, 'max_depth': 3, 'n_estimators': 200, 'subsample': 1.0}",0.8597544637147315,0.8860908124928522,0.8404822417725644,0.8820036933821309,0.8652077333019846,0.8667077889328526,0.016419771725515002,53,0.9875191596389252,0.9838382607637652,0.9875147427283328,0.9833107642030624,0.9822957660051114,0.9848957386678394,0.002196896960667355
1.1060732364654542,0.03429817371986437,0.02160801887512207,0.0022052095126635024,1.0,0.1,3,300,0.8,"{'colsample_bytree': 1.0, 'learning_rate': 0.1, 'max_depth': 3, 'n_estimators': 300, 'subsample': 0.8}",0.8619023028848837,0.8859617769383394,0.8430266239918053,0.8736275748975364,0.8771901338984872,0.8683416825222106,0.01482579694793249,26,0.9984375028880508,0.9994791676293502,1.0,0.9989583371780296,1.0,0.9993750015390861,0.0006073894363780208
0.94650297164917,0.020927077210187967,0.020102500915527344,0.0013853226960467847,1.0,0.1,3,300,1.0,"{'colsample_bytree': 1.0, 'learning_rate': 0.1, 'max_depth': 3, 'n_estimators': 300, 'subsample': 1.0}",0.8491276712087656,0.8817868653337404,0.8407276593951122,0.867058896778037,0.859026249862082,0.8595454685155476,0.014241076964249118,105,0.9973974825932431,0.9994791650621782,0.9979166718009634,0.9973950089799519,0.997916669229785,0.9980209995332242,0.0007653304312509022
0.8323922634124756,0.0426054395223989,0.017211723327636718,0.0009964512929730102,1.0,0.1,5,100,0.8,"{'colsample_bytree': 1.0, 'learning_rate': 0.1, 'max_depth': 5, 'n_estimators': 100, 'subsample': 0.8}",0.8579872391697203,0.8836919136245557,0.8545204306337166,0.8759008309388833,0.8761262478131111,0.8696453324359974,0.011341197131392497,10,0.9979166898469516,0.9973966611243748,0.9984379129564702,0.9984374942328595,0.9963549718047866,0.9977087459930886,0.000779243302442656
0.7791123390197754,0.019849470045474535,0.016080713272094725,0.00042763846870115437,1.0,0.1,5,100,1.0,"{'colsample_bytree': 1.0, 'learning_rate': 0.1, 'max_depth': 5, 'n_estimators': 100, 'subsample': 1.0}",0.8516751814026692,0.8839025739576054,0.8528660094925156,0.8798181998716146,0.8797719833742673,0.8696067896197344,0.014239169960025921,11,0.9947978337232727,0.9947924930858366,0.9968758163309388,0.9968758163175906,0.9968749807763287,0.9960433880467935,0.001019172597578244
1.4586284637451172,0.04748061168587318,0.021074438095092775,0.002541624454357722,1.0,0.1,5,200,0.8,"{'colsample_bytree': 1.0, 'learning_rate': 0.1, 'max_depth': 5, 'n_estimators': 200, 'subsample': 0.8}",0.8601114163614164,0.877465499452628,0.8470111610064097,0.8780294471153847,0.8720094293506226,0.8669253906572922,0.01185958010192809,51,1.0,1.0,1.0,1.0,1.0,1.0,0.0
1.3400150775909423,0.07278382329473125,0.020131301879882813,0.003423165943910546,1.0,0.1,5,200,1.0,"{'colsample_bytree': 1.0, 'learning_rate': 0.1, 'max_depth': 5, 'n_estimators': 200, 'subsample': 1.0}",0.8518934748041168,0.8794889301299204,0.844141344478068,0.8675368598460499,0.8799361516364641,0.8645993521789238,0.014460396256022471,81,1.0,1.0,1.0,1.0,1.0,1.0,0.0
1.8916325092315673,0.06188362079462751,0.02443699836730957,0.0012509575191218046,1.0,0.1,5,300,0.8,"{'colsample_bytree': 1.0, 'learning_rate': 0.1, 'max_depth': 5, 'n_estimators': 300, 'subsample': 0.8}",0.8599360783225881,0.8752753426632073,0.8470251533602426,0.882122240265191,0.8720094293506226,0.8672736487923703,0.012415932495702043,45,1.0,1.0,1.0,1.0,1.0,1.0,0.0
1.8915652275085448,0.10231971743040398,0.02725839614868164,0.0025241067547942505,1.0,0.1,5,300,1.0,"{'colsample_bytree': 1.0, 'learning_rate': 0.1, 'max_depth': 5, 'n_estimators': 300, 'subsample': 1.0}",0.8518934748041168,0.8753090788458534,0.8424658287625026,0.873457796978781,0.8758094572559981,0.8637871273294504,0.013905900747883204,88,1.0,1.0,1.0,1.0,1.0,1.0,0.0
1.3672860622406007,0.09277979933100204,0.020187520980834962,0.0032376084306963027,1.0,0.1,7,100,0.8,"{'colsample_bytree': 1.0, 'learning_rate': 0.1, 'max_depth': 7, 'n_estimators': 100, 'subsample': 0.8}",0.8597677333537973,0.873558888078312,0.8425101631045965,0.8818510171561378,0.8802694375836163,0.8675914478552921,0.014764541553050719,35,1.0,1.0,1.0,1.0,1.0,1.0,0.0
1.4470355987548829,0.06323171272145402,0.02588067054748535,0.009490718179722626,1.0,0.1,7,100,1.0,"{'colsample_bytree': 1.0, 'learning_rate': 0.1, 'max_depth': 7, 'n_estimators': 100, 'subsample': 1.0}",0.8493431301488338,0.8739068989613474,0.8492055581613509,0.8775226162962707,0.865651072754734,0.8631258552645074,0.011946652567361172,92,1.0,1.0,1.0,1.0,1.0,1.0,0.0
2.2045310497283936,0.10489389447044378,0.024913263320922852,0.0018163993915974277,1.0,0.1,7,200,0.8,"{'colsample_bytree': 1.0, 'learning_rate': 0.1, 'max_depth': 7, 'n_estimators': 200, 'subsample': 0.8}",0.8638863575320389,0.871419543785633,0.8467105586420307,0.8838992642534864,0.8760087775744348,0.8683849003575247,0.01263362203014904,24,1.0,1.0,1.0,1.0,1.0,1.0,0.0
2.3832429885864257,0.10240303442436743,0.028156089782714843,0.0023101862347673,1.0,0.1,7,200,1.0,"{'colsample_bytree': 1.0, 'learning_rate': 0.1, 'max_depth': 7, 'n_estimators': 200, 'subsample': 1.0}",0.8495310851846127,0.875696656364892,0.8402687013928037,0.8780929581970381,0.8760993282252856,0.8639377458729264,0.015838697143402837,87,1.0,1.0,1.0,1.0,1.0,1.0,0.0
2.6593093872070312,0.15972317112874712,0.024863243103027344,0.0032839038219413083,1.0,0.1,7,300,0.8,"{'colsample_bytree': 1.0, 'learning_rate': 0.1, 'max_depth': 7, 'n_estimators': 300, 'subsample': 0.8}",0.8619023028848837,0.868978854034612,0.8428115949465235,0.8817720272732618,0.8740278361647585,0.8658985230608078,0.013240229090779595,63,1.0,1.0,1.0,1.0,1.0,1.0,0.0
2.3283148288726805,0.10422703451860683,0.022591590881347656,0.0008112773639683265,1.0,0.1,7,300,1.0,"{'colsample_bytree': 1.0, 'learning_rate': 0.1, 'max_depth': 7, 'n_estimators': 300, 'subsample': 1.0}",0.8536700018326868,0.8736838369713006,0.8399948520051775,0.8778147344382348,0.881886298091792,0.8654099446678384,0.0159847397105634,66,1.0,1.0,1.0,1.0,1.0,1.0,0.0
0.425262975692749,0.022260501888199023,0.015528297424316407,0.0030595685186907457,1.0,0.2,3,100,0.8,"{'colsample_bytree': 1.0, 'learning_rate': 0.2, 'max_depth': 3, 'n_estimators': 100, 'subsample': 0.8}",0.8640495367093289,0.8878852781401506,0.8450501767277722,0.8801480301853217,0.8783926965422195,0.8711051436609585,0.01513339372496979,1,0.9880371872114552,0.9885425120114664,0.9932365427745456,0.9885445370328436,0.9880224794991165,0.9892766517058854,0.001993234076481976
0.3658311367034912,0.0260113271771563,0.014770889282226562,0.001553672561426885,1.0,0.2,3,100,1.0,"{'colsample_bytree': 1.0, 'learning_rate': 0.2, 'max_depth': 3, 'n_estimators': 100, 'subsample': 1.0}",0.8661891299217845,0.8942861613143152,0.8444480127360561,0.8758270675727751,0.8712634850865243,0.870402771326291,0.0160747280078381,6,0.9875235160393602,0.9838314734084165,0.9880383966671855,0.9848883014025351,0.9828169369562615,0.9854197248947518,0.0020426863585264617
0.7109447002410889,0.03390258748616414,0.014461898803710937,0.0013072735683087268,1.0,0.2,3,200,0.8,"{'colsample_bytree': 1.0, 'learning_rate': 0.2, 'max_depth': 3, 'n_estimators': 200, 'subsample': 0.8}",0.8516743307847802,0.8731869256842806,0.8428303351734441,0.8737074784147069,0.869714621621649,0.8622227383357721,0.0126140808332211,100,1.0,1.0,1.0,1.0,1.0,1.0,0.0
0.660489845275879,0.0300924736075822,0.016131258010864256,0.002139018889192984,1.0,0.2,3,200,1.0,"{'colsample_bytree': 1.0, 'learning_rate': 0.2, 'max_depth': 3, 'n_estimators': 200, 'subsample': 1.0}",0.8518386399659514,0.8838628276980375,0.8446448717725463,0.8775945004195539,0.8625,0.8640881679712178,0.014859832868793377,86,1.0,1.0,1.0,1.0,1.0,1.0,0.0
1.115088129043579,0.05436280283030038,0.02036876678466797,0.004376381583349928,1.0,0.2,3,300,0.8,"{'colsample_bytree': 1.0, 'learning_rate': 0.2, 'max_depth': 3, 'n_estimators': 300, 'subsample': 0.8}",0.8516743307847802,0.873558888078312,0.8425224752881824,0.8690413349408649,0.8734655815323717,0.8620525221249021,0.01265407027011811,101,1.0,1.0,1.0,1.0,1.0,1.0,0.0
1.0162052154541015,0.053840078724280815,0.017575788497924804,0.0012729691465907767,1.0,0.2,3,300,1.0,"{'colsample_bytree': 1.0, 'learning_rate': 0.2, 'max_depth': 3, 'n_estimators': 300, 'subsample': 1.0}",0.8556213208888785,0.8755673462937141,0.8424073997087049,0.8735592152113605,0.856383210763967,0.8607076985733251,0.01237290573445304,103,1.0,1.0,1.0,1.0,1.0,1.0,0.0
0.6415241241455079,0.031306294600180716,0.01358790397644043,0.001319087226879793,1.0,0.2,5,100,0.8,"{'colsample_bytree': 1.0, 'learning_rate': 0.2, 'max_depth': 5, 'n_estimators': 100, 'subsample': 0.8}",0.8538303592325712,0.8795775813392005,0.8402885894226256,0.873848128434066,0.8864053985147585,0.8667900113886444,0.017136979452645407,52,1.0,1.0,1.0,1.0,1.0,1.0,0.0
0.673380708694458,0.023285285677610647,0.01646900177001953,0.0013848786519396507,1.0,0.2,5,100,1.0,"{'colsample_bytree': 1.0, 'learning_rate': 0.2, 'max_depth': 5, 'n_estimators': 100, 'subsample': 1.0}",0.8534650350610133,0.8797933126880199,0.8337878051758143,0.8650847881032152,0.8794577415546051,0.8623177365165334,0.017315654276293575,98,1.0,1.0,1.0,1.0,1.0,1.0,0.0
1.0838776588439942,0.0327914338431475,0.017088031768798827,0.0010307970134518982,1.0,0.2,5,200,0.8,"{'colsample_bytree': 1.0, 'learning_rate': 0.2, 'max_depth': 5, 'n_estimators': 200, 'subsample': 0.8}",0.8600847069597071,0.8775735381861666,0.8442356458473035,0.873473184075056,0.8761328290859144,0.8662999808308296,0.012654622496091218,56,1.0,1.0,1.0,1.0,1.0,1.0,0.0
1.1304738998413086,0.0866330983310124,0.02075486183166504,0.003319571135823874,1.0,0.2,5,200,1.0,"{'colsample_bytree': 1.0, 'learning_rate': 0.2, 'max_depth': 5, 'n_estimators': 200, 'subsample': 1.0}",0.8556316327465006,0.8713449264232812,0.835925929568171,0.8673795109678434,0.8880764385327552,0.8636716876477102,0.0173360202299382,90,1.0,1.0,1.0,1.0,1.0,1.0,0.0
1.5305117607116698,0.11029710937345287,0.023714590072631835,0.003929318166402083,1.0,0.2,5,300,0.8,"{'colsample_bytree': 1.0, 'learning_rate': 0.2, 'max_depth': 5, 'n_estimators': 300, 'subsample': 0.8}",0.8581120858219329,0.8755673462937141,0.8422882594044364,0.8712932541302894,0.8759970937921335,0.8646516078885013,0.012921838602927031,79,1.0,1.0,1.0,1.0,1.0,1.0,0.0
1.5076976776123048,0.09933722528992106,0.024575424194335938,0.0005400799490581601,1.0,0.2,5,300,1.0,"{'colsample_bytree': 1.0, 'learning_rate': 0.2, 'max_depth': 5, 'n_estimators': 300, 'subsample': 1.0}",0.8577970930554472,0.8712698845382504,0.8420862434095333,0.8713368007655702,0.8839485917418649,0.8652877227021332,0.014247973981151301,68,1.0,1.0,1.0,1.0,1.0,1.0,0.0
1.018294668197632,0.06675729478635492,0.018716192245483397,0.002881791107275481,1.0,0.2,7,100,0.8,"{'colsample_bytree': 1.0, 'learning_rate': 0.2, 'max_depth': 7, 'n_estimators': 100, 'subsample': 0.8}",0.8640725604881698,0.8797744875378524,0.8422008462702611,0.8754899391821946,0.8823433871943827,0.8687762441345722,0.014686584636650485,21,1.0,1.0,1.0,1.0,1.0,1.0,0.0
1.0767048835754394,0.0570542361611452,0.021429014205932618,0.0010154876131952,1.0,0.2,7,100,1.0,"{'colsample_bytree': 1.0, 'learning_rate': 0.2, 'max_depth': 7, 'n_estimators': 100, 'subsample': 1.0}",0.8520716519108852,0.8696443859680616,0.8444601457779168,0.8717852890165929,0.8838630526508897,0.8643649050648692,0.014215739806734391,84,1.0,1.0,1.0,1.0,1.0,1.0,0.0
1.5853408813476562,0.06688002181356142,0.0220123291015625,0.0029291482557355112,1.0,0.2,7,200,0.8,"{'colsample_bytree': 1.0, 'learning_rate': 0.2, 'max_depth': 7, 'n_estimators': 200, 'subsample': 0.8}",0.8619153605488845,0.8713586656606502,0.8425101631045965,0.8714636374956053,0.8760588408488768,0.8646613335317227,0.01199369408331617,78,1.0,1.0,1.0,1.0,1.0,1.0,0.0
1.537631893157959,0.10437956206318545,0.019755029678344728,0.0016466951234300686,1.0,0.2,7,200,1.0,"{'colsample_bytree': 1.0, 'learning_rate': 0.2, 'max_depth': 7, 'n_estimators': 200, 'subsample': 1.0}",0.8458246495076125,0.8737800844932037,0.8396269378943975,0.8797361008444347,0.875348757560886,0.8628633060601067,0.01667332226651862,93,1.0,1.0,1.0,1.0,1.0,1.0,0.0
1.7001698017120361,0.09848796561295164,0.014927148818969727,0.003965089917340215,1.0,0.2,7,300,0.8,"{'colsample_bytree': 1.0, 'learning_rate': 0.2, 'max_depth': 7, 'n_estimators': 300, 'subsample': 0.8}",0.8599360783225881,0.8733047112199466,0.8425224752881824,0.8734280623468003,0.8781727961036476,0.865472824656233,0.01298682120231243,65,1.0,1.0,1.0,1.0,1.0,1.0,0.0
1.1396949768066407,0.13834567598705044,0.00999765396118164,0.0008484949029992565,1.0,0.2,7,300,1.0,"{'colsample_bytree': 1.0, 'learning_rate': 0.2, 'max_depth': 7, 'n_estimators': 300, 'subsample': 1.0}",0.8497596885006611,0.8739138477313314,0.8357358811788188,0.8797361008444347,0.8859039789754319,0.8650098994461356,0.019090526139747616,74,1.0,1.0,1.0,1.0,1.0,1.0,0.0
